YEAR,MONTH,DAY,TMAX,TMIN,RH,WIND_SPEED,WIND_DIRECTION
2014,1,1,32,20.5,83,1,360
2014,1,2,32.3,20.2,82,1,360
2014,1,3,32.7,20.3,76,1,360
2014,1,4,31.8,21.2,84,1,360
2014,1,5,32.3,22,82,2,360
2014,1,6,31,21.8,81,1,360
2014,1,7,31.3,22,73,1,360
2014,1,8,31.6,22.8,80,1,360
2014,1,9,31.3,22.5,76,2,360
2014,1,10,30.2,22,81,2,40
2014,1,11,29,20.5,84,3,40
2014,1,12,29.2,22.8,78,3,40
2014,1,13,29,21,69,2,360
2014,1,14,30.9,20.5,78,2,20
2014,1,15,31,21,86,4,40
2014,1,16,29,21.9,70,3,40
2014,1,17,30.2,21,66,2,360
2014,1,18,29,21,60,3,40
2014,1,19,27.4,18.5,69,3,40
2014,1,20,29,20.5,75,1,20
2014,1,21,28.3,21,81,1,40
2014,1,22,30,20.6,79,3,40
2014,1,23,28.7,19.6,68,3,360
2014,1,24,29.2,16.2,78,1,360
2014,1,25,29,15.8,77,2,360
2014,1,26,30.5,19.2,80,1,360
2014,1,27,31.7,20.5,78,2,360
2014,1,28,30.6,19,67,1,360
2014,1,29,31,20.8,77,1,360
2014,1,30,30,19.5,72,1,360
2014,1,31,31,21.8,78,2,360
2014,2,1,29.6,23,88,2,360
2014,2,2,32.2,21.5,84,1,140
2014,2,3,32.8,23.1,82,1,180
2014,2,4,33,22.2,89,1,360
2014,2,5,32.5,22.5,84,1,360
2014,2,6,33.3,21.6,84,1,360
2014,2,7,33.3,22.5,79,1,360
2014,2,8,33.2,22.8,83,1,360
2014,2,9,33.5,23,79,2,140
2014,2,10,33,22.7,85,2,360
2014,2,11,32.6,22,79,1,360
2014,2,12,31.3,20.4,75,2,360
2014,2,13,32,19.5,80,1,360
2014,2,14,30.8,21.8,81,2,270
2014,2,15,30.6,20.5,85,1,360
2014,2,16,30.4,21.5,84,2,40
2014,2,17,29.6,21.8,78,1,360
2014,2,18,32.5,22,82,1,360
2014,2,19,31.6,21.7,82,1,360
2014,2,20,31,21.5,81,2,360
2014,2,21,30.6,20.8,83,3,40
2014,2,22,31.5,22.5,67,2,160
2014,2,23,29.2,20.2,78,1,40
2014,2,24,31.4,19,74,1,360
2014,2,25,32,23,80,2,360
2014,2,26,30.4,20,83,1,360
2014,2,27,31.7,20.5,76,1,360
2014,2,28,33,20.5,74,1,360
2014,3,1,32.9,21,79,1,90
2014,3,2,33,21.5,81,1,360
2014,3,3,33.5,22.2,81,1,360
2014,3,4,33.4,23,77,1,360
2014,3,5,33.5,22.2,82,1,360
2014,3,6,33.3,22.2,81,2,140
2014,3,7,30.7,20.9,82,2,90
2014,3,8,33.2,23.5,77,1,360
2014,3,9,34,21.8,78,1,360
2014,3,10,33.7,25,74,2,40
2014,3,11,31,23.5,76,2,40
2014,3,12,32,20.5,83,2,360
2014,3,13,35.6,22.8,80,1,360
2014,3,14,34.7,24.8,74,1,360
2014,3,15,32,23,84,2,40
2014,3,16,33,22.9,82,2,360
2014,3,17,33.2,21,73,2,360
2014,3,18,33.4,21.6,81,2,360
2014,3,19,34,21.6,76,1,360
2014,3,20,34.2,22,80,1,360
2014,3,21,35.3,24.8,75,3,40
2014,3,22,31.4,22,77,3,20
2014,3,23,32.8,24,81,2,40
2014,3,24,30.8,24,81,2,40
2014,3,25,31.3,23.5,92,1,40
2014,3,26,33.3,23,84,1,360
2014,3,27,34.5,23.8,84,1,360
2014,3,28,35.2,23.9,77,2,360
2014,3,29,35.3,25.5,74,2,90
2014,3,30,35.8,22.8,77,1,360
2014,3,31,34.2,23.8,75,2,110
2014,4,1,35.5,24.5,76,1,360
2014,4,2,35.8,24.5,72,7,360
2014,4,3,36,24.5,78,1,360
2014,4,4,36,23.8,72,2,140
2014,4,5,35.2,23,73,1,360
2014,4,6,34.5,23.5,85,1,360
2014,4,7,35.8,24.8,78,1,360
2014,4,8,35.6,22.7,73,2,270
2014,4,9,34.8,24.5,80,1,360
2014,4,10,35,24,80,1,360
2014,4,11,34.5,23.2,79,1,360
2014,4,12,34.6,25.4,79,2,90
2014,4,13,35,25,76,1,360
2014,4,14,36.8,25.5,78,1,360
2014,4,15,35,25.4,76,1,360
2014,4,16,35,24,78,2,140
2014,4,17,35.6,24,74,1,360
2014,4,18,37,25.2,75,1,360
2014,4,19,36.5,25.5,76,1,360
2014,4,20,36.4,24.8,73,2,140
2014,4,21,37.1,24.5,74,1,140
2014,4,22,36.8,26,73,1,360
2014,4,23,37.8,26,74,1,360
2014,4,24,37.8,25.9,74,1,360
2014,4,25,34.7,25.2,83,2,360
2014,4,26,37.4,25.7,78,2,360
2014,4,27,38,25.8,79,1,360
2014,4,28,36.8,23,76,2,40
2014,4,29,36,25,79,2,360
2014,4,30,36.5,25,85,1,360
2014,5,1,37.8,25.7,80,1,360
2014,5,2,37,25.7,83,1,360
2014,5,3,36.7,23,77,2,160
2014,5,4,37.3,24.8,74,1,360
2014,5,5,37.8,24.9,77,1,360
2014,5,6,37.6,24.5,71,2,180
2014,5,7,37,25,74,1,360
2014,5,8,38.5,26.8,72,1,360
2014,5,9,37.9,26,77,1,360
2014,5,10,37.2,23.6,76,1,10
2014,5,11,37.3,26,75,1,360
2014,5,12,37,25,77,1,360
2014,5,13,37.5,26.7,79,1,360
2014,5,14,37.7,25.4,73,2,160
2014,5,15,38,28,77,1,360
2014,5,16,38.8,26.5,78,1,360
2014,5,17,38,26.5,81,1,360
2014,5,18,38.9,27.3,68,1,270
2014,5,19,38.2,26,74,1,360
2014,5,20,39,26,72,1,360
2014,5,21,38.3,24.8,84,1,360
2014,5,22,37.6,25.3,78,2,250
2014,5,23,37.5,25,76,1,360
2014,5,24,37.5,24.5,79,2,140
2014,5,25,35.9,24.8,78,2,140
2014,5,26,37.8,25.5,81,1,360
2014,5,27,36.8,25.8,84,1,360
2014,5,28,37,25.8,78,1,360
2014,5,29,36.9,24,88,1,360
2014,5,30,36.6,25.5,78,2,180
2014,5,31,36.8,26.3,79,1,360
2014,6,1,38,27,77,1,360
2014,6,2,37.5,27,79,1,180
2014,6,3,36.2,26,83,1,360
2014,6,4,37,26.4,85,1,360
2014,6,5,36.7,27,81,1,360
2014,6,6,36,24.6,93,1,360
2014,6,7,35.8,25.3,81,2,360
2014,6,8,36.4,24.2,80,1,360
2014,6,9,31.5,25.5,89,1,360
2014,6,10,31.8,25,94,2,360
2014,6,11,32.5,25.5,92,2,180
2014,6,12,30.4,24.5,100,2,140
2014,6,13,30.6,25.5,91,2,180
2014,6,14,34.2,25.3,88,1,180
2014,6,15,33.9,25.9,84,2,180
2014,6,16,35.7,25.2,86,1,360
2014,6,17,36.6,25.5,84,1,360
2014,6,18,34.2,25.5,90,1,360
2014,6,19,33.6,25.5,89,2,180
2014,6,20,32.3,24.8,92,3,180
2014,6,21,32.5,26,88,2,360
2014,6,22,33.6,25.5,84,2,180
2014,6,23,33.2,25.8,84,1,360
2014,6,24,35,26.8,81,2,180
2014,6,25,36,26,81,1,360
2014,6,26,33.7,24,92,1,360
2014,6,27,30.5,25,93,1,160
2014,6,28,32.3,25.5,86,2,180
2014,6,29,34.5,25.5,84,2,360
2014,6,30,34.3,25.2,89,1,360
2014,7,1,34.6,25.9,86,1,360
2014,7,2,35,26,88,1,360
2014,7,3,33.6,24.7,90,1,360
2014,7,4,30.8,24.2,94,1,360
2014,7,5,32.4,25.3,90,2,220
2014,7,6,32.3,26.3,88,1,360
2014,7,7,31.8,25,92,1,360
2014,7,8,32.7,25.2,93,2,180
2014,7,9,31.2,25.5,92,2,140
2014,7,10,33.5,25.6,84,2,140
2014,7,11,35,26.3,87,1,360
2014,7,12,35.8,26.5,81,1,360
2014,7,13,33.9,26.4,85,1,340
2014,7,14,34.8,23.5,88,1,360
2014,7,15,33.2,22.7,86,3,160
2014,7,16,29,23.7,91,3,140
2014,7,17,28.8,24,87,1,70
2014,7,18,33.2,23.5,90,1,360
2014,7,19,31.6,24.5,92,1,360
2014,7,20,32.6,25,91,1,320
2014,7,21,31.3,25.4,92,2,140
2014,7,22,27.3,25,97,1,360
2014,7,23,28.8,24.5,97,1,360
2014,7,24,30.8,24.9,98,1,360
2014,7,25,30.9,24.4,90,1,360
2014,7,26,33.8,24,89,1,360
2014,7,27,33.2,25,91,1,360
2014,7,28,31.9,24.9,92,1,360
2014,7,29,30.6,25,83,2,140
2014,7,30,31.4,25.5,94,2,180
2014,7,31,31.7,25.5,94,1,360
2014,8,1,28.7,24.8,95,1,360
2014,8,2,31.2,24.5,97,1,180
2014,8,3,31,24.5,93,1,360
2014,8,4,29.8,24.7,95,1,360
2014,8,5,29.2,24,94,1,180
2014,8,6,31,25.2,94,1,320
2014,8,7,33.8,24.3,86,1,360
2014,8,8,33.8,23.6,87,1,360
2014,8,9,34.2,24.2,90,1,360
2014,8,10,34.2,25.5,89,1,360
2014,8,11,32.6,25.5,87,1,360
2014,8,12,32.3,24.5,91,1,360
2014,8,13,34.2,25.5,84,1,360
2014,8,14,34,26.5,86,1,360
2014,8,15,34,26,88,1,360
2014,8,16,33,23.2,87,1,360
2014,8,17,30.7,24.8,98,1,360
2014,8,18,31.2,24.2,97,1,360
2014,8,19,32.7,25.5,91,1,360
2014,8,20,34,25,87,1,360
2014,8,21,32.8,24.2,97,1,360
2014,8,22,30.2,24.5,94,1,360
2014,8,23,33.2,24.8,90,1,360
2014,8,24,33.4,24,90,1,360
2014,8,25,32,24,92,1,360
2014,8,26,29,23.2,99,1,360
2014,8,27,33.5,25,85,1,360
2014,8,28,30.2,23.2,97,1,360
2014,8,29,27.8,23.6,97,1,360
2014,8,30,30.7,23.9,93,1,90
2014,8,31,33.4,24,89,1,360
2014,9,1,33,23.8,89,1,360
2014,9,2,30,24.5,95,1,360
2014,9,3,31.3,23.9,92,1,360
2014,9,4,32.2,25,89,1,360
2014,9,5,32,25,91,1,360
2014,9,6,32.8,25.2,90,1,360
2014,9,7,32.8,25.4,86,2,180
2014,9,8,33.2,23.5,92,2,360
2014,9,9,31.1,24,94,1,360
2014,9,10,30.8,23.9,89,1,360
2014,9,11,31.8,24.2,88,3,180
2014,9,12,32.8,25.5,87,2,180
2014,9,13,31.8,23.5,92,2,360
2014,9,14,26.8,24,99,5,180
2014,9,15,28.4,24.8,93,2,360
2014,9,16,32,24.8,90,1,360
2014,9,17,33.4,24.9,90,1,360
2014,9,18,32.9,25.5,94,1,360
2014,9,19,27,23,97,3,180
2014,9,20,29.2,24.4,95,1,180
2014,9,21,31.6,23,90,1,360
2014,9,22,32.4,24,92,1,360
2014,9,23,32.8,25,85,1,360
2014,9,24,33,24,82,1,360
2014,9,25,31.6,24.2,84,1,360
2014,9,26,32.7,23.8,89,1,360
2014,9,27,33.4,24,80,1,320
2014,9,28,33.5,23.5,80,1,360
2014,9,29,33.5,24.5,80,1,360
2014,9,30,35,24.5,84,1,360
2014,10,1,33.6,24,81,1,110
2014,10,2,33,25,87,1,360
2014,10,3,32.5,24.5,86,1,360
2014,10,4,33.4,23.9,82,1,360
2014,10,5,31.5,24.7,84,1,360
2014,10,6,32.5,24,80,1,360
2014,10,7,32.4,25,78,1,360
2014,10,8,32,23.8,89,1,360
2014,10,9,32.1,24,82,1,180
2014,10,10,32,25,84,1,360
2014,10,11,33,23.8,86,1,360
2014,10,12,34,23.5,87,1,360
2014,10,13,32.8,24.5,81,1,360
2014,10,14,33,24,80,1,360
2014,10,15,31,23,78,1,360
2014,10,16,35.2,23.9,72,1,360
2014,10,17,31.5,23.5,76,2,40
2014,10,18,27,22.6,91,1,360
2014,10,19,33.5,23.4,77,1,40
2014,10,20,33,24.6,81,1,360
2014,10,21,35,23.8,89,1,360
2014,10,22,36,23.2,84,1,360
2014,10,23,33,23.4,83,1,360
2014,10,24,35.5,23.6,80,1,360
2014,10,25,33.2,23.5,79,1,360
2014,10,26,33,23.6,78,1,360
2014,10,27,32.5,24.5,79,2,40
2014,10,28,34,24.4,72,2,20
2014,10,29,28.2,23.7,85,2,360
2014,10,30,33.5,23,72,1,360
2014,10,31,34,25,74,1,360
2014,11,1,34.8,22.4,77,1,360
2014,11,2,34.7,23.5,80,2,40
2014,11,3,34,24.5,72,1,360
2014,11,4,32.5,24.8,77,1,360
2014,11,5,33.5,22.9,73,1,360
2014,11,6,31.5,21,77,1,140
2014,11,7,32.6,21.6,67,2,40
2014,11,8,33.5,24.6,74,1,360
2014,11,9,34.5,23.4,75,1,360
2014,11,10,32.1,22.6,77,2,40
2014,11,11,33.7,22.3,74,1,360
2014,11,12,33.5,22.5,69,1,360
2014,11,13,34.2,21.4,68,1,40
2014,11,14,34,23.4,66,3,360
2014,11,15,29,24,72,4,70
2014,11,16,33,23.5,75,1,360
2014,11,17,34,23.6,76,1,360
2014,11,18,34.5,24,73,1,360
2014,11,19,34.5,23.7,69,2,360
2014,11,20,34,24.5,72,1,360
2014,11,21,34.8,24,73,1,360
2014,11,22,34.8,24.2,74,1,360
2014,11,23,34,23,72,1,360
2014,11,24,35,24.2,73,1,360
2014,11,25,35,23.6,77,1,360
2014,11,26,33.6,23,74,2,40
2014,11,27,32.7,23.5,81,2,40
2014,11,28,33.5,24,71,2,40
2014,11,29,32.3,24,78,1,360
2014,11,30,28.5,22.6,87,1,40
2014,12,1,30.5,23,83,1,360
2014,12,2,33,24,75,1,360
2014,12,3,35.1,24,71,1,20
2014,12,4,32.9,23.1,76,2,360
2014,12,5,33.7,23,73,2,40
2014,12,6,31.5,23,60,4,40
2014,12,7,31.2,23.5,62,3,360
2014,12,8,28.4,23.6,75,4,360
2014,12,9,27,23,94,1,360
2014,12,10,32,23.5,77,1,360
2014,12,11,32,23,75,1,360
2014,12,12,33.5,24,76,1,360
2014,12,13,32.8,23.6,74,3,40
2014,12,14,33,25,66,4,40
2014,12,15,33.2,23.4,78,2,20
2014,12,16,33.3,24.6,77,2,360
2014,12,17,31.5,23.5,64,5,40
2014,12,18,30,20.6,64,4,40
2014,12,19,31,21.8,70,1,360
2014,12,20,32,24,77,2,40
2014,12,21,32.8,24,75,2,360
2014,12,22,30.5,24.5,61,4,40
2014,12,23,31,24.4,68,3,20
2014,12,24,27.5,22.8,88,1,360
2014,12,25,32.5,24,70,3,40
2014,12,26,32,24,66,3,40
2014,12,27,32,23.2,71,2,40
2014,12,28,32,21.5,71,2,360
2014,12,29,31.5,21.6,72,1,360
2014,12,30,30,23.2,68,3,40
2014,12,31,32,21.7,69,2,20
2015,1,1,27.8,21.1,68,7,40
2015,1,2,28.2,21.5,60,5,70
2015,1,3,29.8,21.8,69,5,70
2015,1,4,30.8,21.5,68,5,70
2015,1,5,31,21.8,69,4,90
2015,1,6,30.5,21.7,72,3,70
2015,1,7,30,21.2,70,2,70
2015,1,8,28.3,21.1,67,3,70
2015,1,9,28,20,61,4,70
2015,1,10,28.5,20.3,63,4,70
2015,1,11,28.2,20.1,65,4,70
2015,1,12,28.7,21.5,70,5,40
2015,1,13,30.8,21,72,5,90
2015,1,14,31.3,22,66,3,70
2015,1,15,32,21.9,66,3,70
2015,1,16,28.8,20.2,72,3,20
2015,1,17,28.3,19.3,52,4,20
2015,1,18,28.3,21.8,72,3,20
2015,1,19,30.4,21.8,67,2,40
2015,1,20,30.5,21.6,66,2,110
2015,1,21,30.3,21.8,74,2,200
2015,1,22,29.6,20.6,73,3,70
2015,1,23,27,20.2,73,6,20
2015,1,24,28.8,20.7,66,6,70
2015,1,25,29.7,19.6,69,4,70
2015,1,26,29.7,20.2,65,4,70
2015,1,27,31,21.3,69,3,110
2015,1,28,31,22,66,4,70
2015,1,29,31,21,68,4,70
2015,1,30,31,20.7,79,3,40
2015,1,31,28.5,19.8,79,3,70
2015,2,1,28.3,19.2,70,4,70
2015,2,2,27.8,20.2,71,5,70
2015,2,3,27.7,16,66,4,70
2015,2,4,29,22.7,73,4,90
2015,2,5,29.8,24,63,2,20
2015,2,6,29.8,23,66,3,20
2015,2,7,31,22,76,2,160
2015,2,8,31,22,71,2,90
2015,2,9,30.8,22.7,70,3,90
2015,2,10,29.8,23.4,68,2,90
2015,2,11,30.2,23.1,73,3,90
2015,2,12,30.2,23.1,75,2,40
2015,2,13,28.5,23.2,66,4,90
2015,2,14,28.8,23.3,70,4,140
2015,2,15,29.9,23.3,76,3,40
2015,2,16,29.9,24.3,70,3,90
2015,2,17,29.7,24.3,70,3,90
2015,2,18,28.5,24,74,4,110
2015,2,19,28,23.6,79,4,70
2015,2,20,28.2,23,74,5,110
2015,2,21,29.5,22.6,73,3,70
2015,2,22,29.5,22.6,66,3,160
2015,2,23,29.3,22.5,66,2,160
2015,2,24,29.8,22.5,68,3,110
2015,2,25,30.4,24.3,67,4,200
2015,2,26,30.7,24.3,79,3,140
2015,2,27,30.7,25,71,4,70
2015,2,28,30.3,25,66,5,40
2015,3,1,30.2,24.2,71,4,160
2015,3,2,29.9,23.7,62,5,110
2015,3,3,30.3,23.7,67,4,70
2015,3,4,30.3,20.4,67,3,70
2015,3,5,31.3,21.8,62,5,70
2015,3,6,31,21,66,4,70
2015,3,7,31,19.3,69,3,90
2015,3,8,30.2,20.4,64,4,110
2015,3,9,29.8,20.2,70,3,180
2015,3,10,28.4,21.7,68,4,90
2015,3,11,30,22.6,71,5,90
2015,3,12,29.7,21.9,72,2,110
2015,3,13,29.8,21.6,79,3,70
2015,3,14,30.3,20.8,65,4,40
2015,3,15,30.2,20.2,64,4,40
2015,3,16,30,19,68,4,160
2015,3,17,29.4,19.2,69,3,160
2015,3,18,30.3,19.2,68,3,20
2015,3,19,31.3,23,57,3,20
2015,3,20,31,23.8,70,2,290
2015,3,21,31.9,23.2,75,2,110
2015,3,22,30,23.7,80,4,70
2015,3,23,30.2,22.4,77,5,70
2015,3,24,30,23.2,73,5,110
2015,3,25,30.1,22.2,76,5,110
2015,3,26,30.5,22.9,78,3,140
2015,3,27,31,22.4,62,4,110
2015,3,28,31.4,22.5,68,5,110
2015,3,29,31.6,22.3,64,6,90
2015,3,30,32,23.2,66,6,90
2015,3,31,33,23.3,67,4,90
2015,4,1,32.6,23.4,68,3,110
2015,4,2,32.4,21.7,72,2,140
2015,4,3,32.8,24.2,70,2,160
2015,4,4,32.7,24.3,71,3,180
2015,4,5,32.8,23.4,78,2,180
2015,4,6,32.8,22.3,69,4,110
2015,4,7,31.7,22.9,84,6,110
2015,4,8,31,22.6,70,5,110
2015,4,9,32,23,64,3,140
2015,4,10,32.1,23,61,3,70
2015,4,11,32.3,22.4,61,4,40
2015,4,12,34.2,23.3,61,4,40
2015,4,13,33.8,22.7,67,2,250
2015,4,14,33.2,23,68,3,90
2015,4,15,34,23.8,70,4,90
2015,4,16,34.2,24,65,3,160
2015,4,17,34.2,23.7,68,4,70
2015,4,18,35.2,24.5,62,5,90
2015,4,19,35.3,24.7,65,3,180
2015,4,20,34.4,24.4,68,2,180
2015,4,21,34.5,24.2,66,4,90
2015,4,22,33.5,23.1,66,7,90
2015,4,23,34,24,63,5,110
2015,4,24,34,23.7,56,3,70
2015,4,25,34,23.6,63,3,70
2015,4,26,35.3,23.4,59,3,110
2015,4,27,36.3,24.2,60,3,160
2015,4,28,36.7,24.4,62,2,160
2015,4,29,37,24.6,65,3,180
2015,4,30,37,24,57,3,160
2015,5,1,37.3,24.4,60,3,110
2015,5,2,37.2,23.7,53,3,200
2015,5,3,36,23.8,64,3,160
2015,5,4,37,24.3,64,2,250
2015,5,5,36.5,22,62,2,180
2015,5,6,35.7,23.6,65,2,110
2015,5,7,35.2,23.6,69,2,90
2015,5,8,35.8,25.2,68,3,250
2015,5,9,35.8,24.2,51,2,200
2015,5,10,34.8,24.3,76,2,180
2015,5,11,35,24.8,67,2,180
2015,5,12,35,23.6,69,3,90
2015,5,13,35.3,24.2,62,4,110
2015,5,14,35.7,24.2,60,4,70
2015,5,15,36.4,24.7,60,3,200
2015,5,16,36,23.6,61,3,90
2015,5,17,35.8,24,62,4,160
2015,5,18,35.9,23.8,64,2,180
2015,5,19,35.9,23.7,63,2,180
2015,5,20,36.8,24.6,64,2,250
2015,5,21,36.7,24.3,63,3,200
2015,5,22,36.7,23.4,63,3,70
2015,5,23,36.5,23.8,62,2,70
2015,5,24,36.9,24.8,65,8,110
2015,5,25,36.4,23.4,64,7,160
2015,5,26,35.6,23.6,71,5,20
2015,5,27,35,24.1,72,3,180
2015,5,28,34.8,23.2,76,2,90
2015,5,29,35.2,23.2,69,2,160
2015,5,30,35.3,24.8,64,2,290
2015,5,31,35.7,24.3,66,2,110
2015,6,1,36,24.4,65,5,160
2015,6,2,36.5,23.2,61,2,70
2015,6,3,36.2,29,65,2,40
2015,6,4,36,23.8,65,3,70
2015,6,5,35.5,24,67,4,110
2015,6,6,35.5,25.2,61,3,70
2015,6,7,36.8,24.4,63,3,70
2015,6,8,36.8,24.3,64,2,110
2015,6,9,37,23.6,66,3,110
2015,6,10,36.8,24.5,65,2,110
2015,6,11,36.3,24.5,64,2,110
2015,6,12,37.2,24.9,62,3,110
2015,6,13,37.7,24.6,71,4,110
2015,6,14,37,25,64,5,160
2015,6,15,37.3,23.7,64,5,90
2015,6,16,37.2,23.3,61,4,180
2015,6,17,35.8,23.2,65,2,270
2015,6,18,34.4,24.7,68,1,90
2015,6,19,34.3,24.4,71,2,160
2015,6,20,33,22.8,80,2,70
2015,6,21,31.4,24.5,84,2,70
2015,6,22,33.3,24.8,74,2,160
2015,6,23,34.5,24.6,73,2,110
2015,6,24,34.8,24.2,68,2,160
2015,6,25,35.2,23.3,71,2,110
2015,6,26,35.2,24.1,73,2,250
2015,6,27,35,23.7,75,2,180
2015,6,28,35.2,24.2,73,3,110
2015,6,29,34.7,24.6,65,2,220
2015,6,30,34.5,24.4,73,2,160
2015,7,1,34.4,25,71,2,180
2015,7,2,34.2,25.1,73,2,180
2015,7,3,33.3,23.4,79,2,70
2015,7,4,32.5,21.8,78,2,110
2015,7,5,26.3,22.2,94,2,70
2015,7,6,28.9,21.5,90,2,140
2015,7,7,30.7,23.4,87,2,110
2015,7,8,29.7,24,82,2,140
2015,7,9,29.7,23.6,95,2,70
2015,7,10,29,24.4,98,2,40
2015,7,11,29.2,23.9,95,2,70
2015,7,12,30.3,23.8,97,2,110
2015,7,13,30.2,24.2,98,1,140
2015,7,14,29.7,24.3,87,1,160
2015,7,15,29.7,23.2,83,1,180
2015,7,16,27.6,23,98,2,140
2015,7,17,28.4,23.7,97,1,90
2015,7,18,32.7,23.2,91,1,270
2015,7,19,33.8,24,68,2,250
2015,7,20,33.8,23,68,2,160
2015,7,21,34,22.3,71,1,220
2015,7,22,33,24.2,77,2,180
2015,7,23,32,24.2,78,2,180
2015,7,24,32.6,23.5,79,2,110
2015,7,25,32.4,22.7,80,2,270
2015,7,26,31.6,22.6,79,2,70
2015,7,27,32.3,23.3,81,2,40
2015,7,28,33.3,23.6,75,1,20
2015,7,29,33.4,23.9,73,1,340
2015,7,30,34,24.1,69,2,160
2015,7,31,34,24.2,69,2,340
2015,8,1,33.8,23.8,73,2,290
2015,8,2,33.9,24.6,80,3,90
2015,8,3,34,23.5,71,2,90
2015,8,4,33.4,22.8,74,1,90
2015,8,5,32.8,24.6,75,1,90
2015,8,6,32.3,23.7,84,2,290
2015,8,7,32,24.8,83,2,270
2015,8,8,31.8,24.8,79,1,340
2015,8,9,31.6,23.9,88,2,20
2015,8,10,32.8,23.5,83,2,70
2015,8,11,32.7,24.1,80,1,70
2015,8,12,34,24.4,78,2,40
2015,8,13,33.4,24.5,80,2,70
2015,8,14,34.2,24.7,80,2,40
2015,8,15,33.9,24.4,75,2,90
2015,8,16,34.4,25.2,77,2,70
2015,8,17,36.2,23.2,72,2,70
2015,8,18,34.5,24.2,73,2,290
2015,8,19,32.9,24,70,2,20
2015,8,20,29.3,23.2,89,2,70
2015,8,21,28.1,23.6,91,2,40
2015,8,22,28.6,23.4,88,2,40
2015,8,23,28.7,23.4,88,2,20
2015,8,24,28.4,22.2,90,2,70
2015,8,25,31.4,23.3,86,1,70
2015,8,26,32.4,23.2,77,1,70
2015,8,27,32,23.4,83,2,40
2015,8,28,31.7,23.2,80,2,160
2015,8,29,30.7,22.7,83,2,220
2015,8,30,30.9,23.5,85,1,180
2015,8,31,32,23.3,80,1,180
2015,9,1,32.2,24.1,73,2,110
2015,9,2,32.8,23.7,75,2,270
2015,9,3,32.8,22.6,80,2,70
2015,9,4,32,23.4,77,1,40
2015,9,5,32,24.2,83,2,20
2015,9,6,33.2,23.3,83,1,340
2015,9,7,32.2,23.5,100,2,160
2015,9,8,32.5,24.4,82,2,340
2015,9,9,31.8,23.2,80,1,290
2015,9,10,32.3,23.3,61,2,90
2015,9,11,31,23.2,78,2,90
2015,9,12,30.2,23.4,85,2,90
2015,9,13,32.3,23.2,79,3,90
2015,9,14,32.2,22.8,78,2,290
2015,9,15,32.5,22.6,75,1,270
2015,9,16,33.2,24,76,1,340
2015,9,17,33.4,22.8,78,2,20
2015,9,18,32.8,23.5,73,2,70
2015,9,19,32.8,23.6,71,1,70
2015,9,20,32.5,23.3,76,2,40
2015,9,21,32.8,23.4,82,1,70
2015,9,22,33.3,24.6,78,2,40
2015,9,23,32.5,24.7,78,2,90
2015,9,24,33.8,25.2,80,1,70
2015,9,25,32.7,24.7,74,2,70
2015,9,26,32.3,25.3,79,2,290
2015,9,27,32.1,22.4,82,2,20
2015,9,28,31.3,24.2,92,2,70
2015,9,29,32.8,23.7,77,1,40
2015,9,30,32.8,23,76,2,40
2015,10,1,30.3,22.5,85,2,20
2015,10,2,31.7,22.9,93,2,70
2015,10,3,31.4,22.2,79,2,70
2015,10,4,32.5,23.8,87,2,70
2015,10,5,32.8,23.8,72,3,40
2015,10,6,33.4,23.2,74,3,90
2015,10,7,33.2,22.8,71,2,90
2015,10,8,33.2,23.2,76,1,290
2015,10,9,32.7,22.8,76,1,270
2015,10,10,33,24.2,75,1,340
2015,10,11,32.8,23.8,73,2,20
2015,10,12,33,23.2,80,3,70
2015,10,13,32,22.3,85,3,70
2015,10,14,31.4,21.7,87,1,40
2015,10,15,31.5,24.2,73,1,70
2015,10,16,31.3,22.8,74,1,40
2015,10,17,27.8,22.4,96,7,90
2015,10,18,25.7,22,98,9,70
2015,10,19,29.2,23.6,94,3,70
2015,10,20,29,23,97,3,290
2015,10,21,30.2,23,84,3,20
2015,10,22,31.5,20.2,86,3,70
2015,10,23,32,21.7,78,1,40
2015,10,24,32.8,22.4,76,1,40
2015,10,25,33,22.7,75,2,20
2015,10,26,32.9,22.8,78,3,70
2015,10,27,33,22.9,77,4,70
2015,10,28,32,22.7,75,4,70
2015,10,29,32.2,23.4,65,2,40
2015,10,30,32.2,23.1,68,3,70
2015,10,31,32.3,22.7,70,3,110
2015,11,1,32.2,23.7,69,3,90
2015,11,2,32.6,22.8,66,4,90
2015,11,3,32.6,23.8,72,4,70
2015,11,4,33.4,23.6,67,4,90
2015,11,5,33.4,23.2,66,4,110
2015,11,6,32.2,23.6,78,4,70
2015,11,7,32.8,23.8,71,4,40
2015,11,8,33.2,23.2,67,3,90
2015,11,9,33.8,22.6,61,4,90
2015,11,10,32.7,23.6,71,5,40
2015,11,11,33.2,22.9,69,5,70
2015,11,12,33,21.9,66,3,110
2015,11,13,33.6,22.6,61,4,40
2015,11,14,33.4,23.4,63,4,70
2015,11,15,33,22.6,68,4,40
2015,11,16,33.4,23.7,72,5,90
2015,11,17,33.6,21.7,65,5,70
2015,11,18,33.3,20,69,3,70
2015,11,19,33.3,21.3,63,3,290
2015,11,20,33.2,23.8,59,5,20
2015,11,21,33.4,22.4,64,4,70
2015,11,22,33.8,22.2,62,4,40
2015,11,23,33.8,22.7,62,3,40
2015,11,24,34.2,22.7,61,3,20
2015,11,25,33.8,23.2,61,4,70
2015,11,26,34.8,22.7,63,3,70
2015,11,27,31.3,24.4,64,3,70
2015,11,28,32,22.6,69,3,40
2015,11,29,34.2,23.8,67,4,90
2015,11,30,34.5,23.3,67,4,70
2015,12,1,33.7,21.6,71,5,70
2015,12,2,33.2,23.5,68,4,70
2015,12,3,33,23.3,66,4,290
2015,12,4,32.2,23.2,62,5,20
2015,12,5,32.3,23.7,83,5,70
2015,12,6,32.3,23.3,72,3,40
2015,12,7,32.3,23.6,66,4,40
2015,12,8,30.7,22.9,71,5,20
2015,12,9,33.2,25.2,72,4,70
2015,12,10,33.8,22.7,69,3,70
2015,12,11,33.5,24.9,71,2,70
2015,12,12,33.4,23.6,67,3,40
2015,12,13,33.3,23.8,71,3,270
2015,12,14,33,22.2,75,2,290
2015,12,15,25.9,20.7,98,3,20
2015,12,16,27,21.2,93,3,70
2015,12,17,29.3,22.8,85,3,40
2015,12,18,29.8,21.8,65,3,40
2015,12,19,27.8,22,76,3,20
2015,12,20,29.8,22.7,79,4,70
2015,12,21,30.2,21.3,79,4,70
2015,12,22,31.3,22,74,4,70
2015,12,23,31.4,20.8,69,3,40
2015,12,24,31.3,22.4,70,3,40
2015,12,25,30.8,21.8,70,4,40
2015,12,26,30.8,21.6,70,4,70
2015,12,27,30.8,21.3,67,3,20
2015,12,28,31,21.6,62,2,20
2015,12,29,30.5,21.9,64,4,70
2015,12,30,30,23.2,68,4,90
2015,12,31,30.3,21.9,72,3,70
2016,1,1,28.7,22.5,82,2,40
2016,1,2,30.5,23.5,89,1,360
2016,1,3,32.8,21.7,85,1,360
2016,1,4,32.8,19.2,82,1,360
2016,1,5,30.3,20.5,70,2,70
2016,1,6,32,22,86,1,360
2016,1,7,31.6,22,89,1,360
2016,1,8,31.4,22.4,85,1,360
2016,1,9,32,22.2,88,1,360
2016,1,10,32.9,22.7,85,1,360
2016,1,11,31.3,22.5,81,1,360
2016,1,12,33,22.5,84,1,360
2016,1,13,32.7,22.5,82,1,360
2016,1,14,33.3,22.8,77,1,360
2016,1,15,33.7,21.3,81,1,360
2016,1,16,32.4,22.4,83,1,360
2016,1,17,32.5,23.5,84,1,360
2016,1,18,32.5,23,84,1,360
2016,1,19,32,23.3,85,1,360
2016,1,20,31.5,21.7,82,1,20
2016,1,21,32.4,22,81,1,360
2016,1,22,33.2,23,81,1,360
2016,1,23,32.7,23.2,84,1,360
2016,1,24,32.4,22.6,81,2,20
2016,1,25,29,23,75,3,40
2016,1,26,29.3,22.5,78,2,40
2016,1,27,29.1,23.5,82,2,80
2016,1,28,32,23.2,83,2,40
2016,1,29,32,25.2,81,1,360
2016,1,30,33,24,82,1,360
2016,1,31,34,23.3,80,1,40
2016,2,1,32.2,20.7,78,1,360
2016,2,2,33.2,23.5,71,1,360
2016,2,3,31.6,23.4,79,1,360
2016,2,4,32.9,24,82,1,360
2016,2,5,31.8,24,85,1,340
2016,2,6,28.8,22,87,1,360
2016,2,7,30,20.8,77,3,360
2016,2,8,29,21,80,2,40
2016,2,9,31,22.5,76,3,20
2016,2,10,32.3,21,81,1,360
2016,2,11,31.6,21.8,79,1,360
2016,2,12,32.1,21.8,80,1,360
2016,2,13,32.1,21,78,1,360
2016,2,14,32.3,21.5,78,1,360
2016,2,15,32.5,23.5,77,1,270
2016,2,16,31,20.6,80,1,360
2016,2,17,32,21.2,78,1,360
2016,2,18,32.3,22.5,76,1,360
2016,2,19,32.8,21.9,80,2,360
2016,2,20,33,21.5,76,1,360
2016,2,21,31.6,21.3,79,1,40
2016,2,22,32.4,22,80,1,360
2016,2,23,32.5,21,83,1,360
2016,2,24,33.3,23.5,74,1,360
2016,2,25,30.8,23.6,81,3,40
2016,2,26,31.9,22.5,78,2,80
2016,2,27,33,24.2,72,2,20
2016,2,28,31.6,24.1,78,1,360
2016,2,29,32.5,22.5,81,1,360
2016,3,1,32.5,23.5,73,4,40
2016,3,2,31.2,23.1,74,3,20
2016,3,3,32.2,23.1,79,1,360
2016,3,4,32,23.4,86,1,360
2016,3,5,33.8,23.5,78,1,360
2016,3,6,34.8,23.5,79,1,360
2016,3,7,34.6,23.8,85,1,360
2016,3,8,35,22.5,76,1,360
2016,3,9,34.5,24.5,74,1,360
2016,3,10,34,24.6,76,1,360
2016,3,11,34.8,24.3,77,1,360
2016,3,12,33.5,23.3,76,1,360
2016,3,13,32.8,22,81,1,90
2016,3,14,33.7,23.5,78,1,360
2016,3,15,32.8,23.5,83,1,360
2016,3,16,34.2,24.5,77,1,270
2016,3,17,35,24.5,75,1,360
2016,3,18,35,23.5,75,1,360
2016,3,19,34,23,75,1,360
2016,3,20,34.4,22.5,78,1,270
2016,3,21,35,23.6,76,2,360
2016,3,22,33.2,23.5,78,1,360
2016,3,23,35.8,23.5,77,1,360
2016,3,24,35.4,24.5,74,1,360
2016,3,25,35,23.5,75,1,360
2016,3,26,33.3,23.5,79,1,320
2016,3,27,32.5,23,83,1,360
2016,3,28,31.3,22.5,72,2,20
2016,3,29,32.2,24,82,1,360
2016,3,30,32.6,23.5,78,1,360
2016,3,31,35,24.2,76,1,360
2016,4,1,35.6,25.5,74,1,360
2016,4,2,35,23,75,1,360
2016,4,3,35,22.5,76,1,360
2016,4,4,35.2,23.5,73,1,360
2016,4,5,35,24.6,70,1,360
2016,4,6,33.8,22.5,79,1,360
2016,4,7,35.3,24.2,74,1,140
2016,4,8,35,23.5,71,2,360
2016,4,9,35.8,23.3,66,2,180
2016,4,10,36.2,24.2,75,1,360
2016,4,11,37,24.7,73,1,360
2016,4,12,37,24.8,74,1,360
2016,4,13,37.4,25.5,71,1,360
2016,4,14,37.6,26,73,1,360
2016,4,15,38,26,73,1,360
2016,4,16,37.3,26.6,68,1,360
2016,4,17,36.7,25,66,2,360
2016,4,18,37.2,25.5,67,1,20
2016,4,19,36.3,25.6,68,2,360
2016,4,20,36.5,24.8,75,1,360
2016,4,21,36,24.6,67,1,360
2016,4,22,37,25.5,70,1,360
2016,4,23,37.2,24.7,67,1,360
2016,4,24,37.6,25.7,64,1,360
2016,4,25,37.7,25.7,67,1,120
2016,4,26,37.4,23,70,1,360
2016,4,27,38,25.6,71,1,360
2016,4,28,37.5,25.8,79,1,360
2016,4,29,37,23.5,77,1,360
2016,4,30,35.6,25.6,83,1,360
2016,5,1,37,25.5,75,1,360
2016,5,2,37,25,74,1,360
2016,5,3,37.2,26.5,72,1,360
2016,5,4,37.5,24.7,70,1,360
2016,5,5,36.8,25.8,70,1,360
2016,5,6,37,26.2,74,1,360
2016,5,7,36.7,24.5,69,2,120
2016,5,8,36.7,25,68,2,360
2016,5,9,37.2,25.4,67,1,360
2016,5,10,37.5,27.4,75,1,360
2016,5,11,37,25.6,72,2,180
2016,5,12,33.5,26,78,1,360
2016,5,13,36.2,24.5,76,1,360
2016,5,14,35.5,26,79,1,360
2016,5,15,36.8,26.5,70,1,360
2016,5,16,37.2,24,80,1,360
2016,5,17,36,24.5,80,1,360
2016,5,18,35.8,23.5,85,1,360
2016,5,19,34.8,24.5,81,1,360
2016,5,20,32.5,24.6,86,1,360
2016,5,21,34.5,24.5,81,1,360
2016,5,22,34,24.9,86,1,360
2016,5,23,34.4,25.7,83,1,360
2016,5,24,33.7,25.6,85,1,360
2016,5,25,34.5,24.6,87,1,360
2016,5,26,34,26,86,1,360
2016,5,27,35.7,26,81,1,360
2016,5,28,34.5,26,83,1,360
2016,5,29,35.8,23.8,83,1,360
2016,5,30,34.2,24,89,1,360
2016,5,31,35.4,24.3,84,1,360
2016,6,1,34,25.5,85,1,360
2016,6,2,34.5,25.4,86,1,360
2016,6,3,34.4,25.8,84,1,270
2016,6,4,35,25.5,81,1,360
2016,6,5,34.8,24.6,83,1,360
2016,6,6,33.8,25,85,1,360
2016,6,7,33.3,24.5,87,1,360
2016,6,8,33.3,24,87,1,180
2016,6,9,33.2,24,93,1,360
2016,6,10,34.1,25.6,98,1,360
2016,6,11,35.5,25.2,82,1,360
2016,6,12,34.4,23.8,84,1,360
2016,6,13,33.8,25,83,1,360
2016,6,14,34.4,25.6,82,1,360
2016,6,15,36.5,25.7,77,1,360
2016,6,16,35.3,25.6,79,1,360
2016,6,17,34,25.5,87,1,360
2016,6,18,33.5,25,80,1,360
2016,6,19,36.4,25.7,79,1,360
2016,6,20,34.2,25.6,81,1,360
2016,6,21,34.7,26,81,1,360
2016,6,22,35.4,25.4,85,1,360
2016,6,23,34,25.6,88,1,360
2016,6,24,34.3,23.6,82,1,360
2016,6,25,35.3,25.5,80,1,360
2016,6,26,33.2,24,89,1,360
2016,6,27,33.1,24.3,94,1,360
2016,6,28,34,25,83,1,360
2016,6,29,34.2,25,86,1,360
2016,6,30,29,24.3,94,1,360
2016,7,1,34.4,24.9,81,1,360
2016,7,2,34.6,23.9,85,1,360
2016,7,3,33.5,24,84,1,360
2016,7,4,33,25.5,87,1,360
2016,7,5,32.9,24.6,92,1,360
2016,7,6,32.6,25,84,2,180
2016,7,7,31.8,25,91,1,180
2016,7,8,29.8,24.5,92,2,180
2016,7,9,28.8,23.5,93,2,180
2016,7,10,31,23.8,92,1,360
2016,7,11,30.6,23.5,92,1,360
2016,7,12,32.8,24.2,89,1,360
2016,7,13,34.2,25,85,1,360
2016,7,14,34.8,24.8,82,1,360
2016,7,15,35.5,25.6,84,1,360
2016,7,16,35,24.6,84,1,360
2016,7,17,35.4,24,87,1,360
2016,7,18,34.8,25,78,1,360
2016,7,19,34,24.5,87,1,360
2016,7,20,32.3,25,90,1,360
2016,7,21,34.7,24.5,85,1,360
2016,7,22,34.2,23.3,87,1,360
2016,7,23,34.6,22.5,87,1,360
2016,7,24,33.6,24,86,1,360
2016,7,25,34,25.3,85,1,360
2016,7,26,35.4,25.5,82,1,360
2016,7,27,35.4,25.4,82,1,360
2016,7,28,34.5,25.5,83,1,360
2016,7,29,34.4,25,79,1,70
2016,7,30,33.5,25,90,1,360
2016,7,31,31.5,24.5,87,2,180
2016,8,1,29.5,24.6,91,1,360
2016,8,2,33.1,24.4,85,1,360
2016,8,3,34.5,24.5,82,1,360
2016,8,4,34.8,25.7,82,1,360
2016,8,5,33.8,24.5,88,1,360
2016,8,6,34,24.5,87,1,360
2016,8,7,32,24.5,88,1,360
2016,8,8,31.9,24.5,95,1,360
2016,8,9,28.4,24,94,1,360
2016,8,10,30.5,24.1,92,1,360
2016,8,11,31,24.5,92,1,360
2016,8,12,29.7,24.4,95,1,360
2016,8,13,27,24,96,1,360
2016,8,14,28,24.4,97,1,360
2016,8,15,30.8,24.2,95,1,360
2016,8,16,30,24.5,93,2,220
2016,8,17,32,24,91,1,360
2016,8,18,31.8,25.4,89,1,360
2016,8,19,31.7,24.6,90,1,360
2016,8,20,32.2,24.9,92,1,360
2016,8,21,32.5,24,91,1,360
2016,8,22,33,25.2,85,1,90
2016,8,23,31.8,25.5,89,1,360
2016,8,24,31.8,25.2,91,1,360
2016,8,25,31.4,24.8,92,1,360
2016,8,26,31.6,25,92,1,180
2016,8,27,32.5,24.5,89,1,360
2016,8,28,29,23.8,95,1,360
2016,8,29,28,23.5,91,1,360
2016,8,30,31.8,24,88,1,360
2016,8,31,33.2,24,85,1,360
2016,9,1,31,23.7,88,1,360
2016,9,2,33.2,23.8,88,1,360
2016,9,3,32.8,25,92,1,360
2016,9,4,27.6,23.7,94,1,360
2016,9,5,31,24,90,1,360
2016,9,6,33.9,25.2,85,1,360
2016,9,7,34,25.2,85,1,360
2016,9,8,34.4,23.5,85,1,360
2016,9,9,34,24.6,83,1,360
2016,9,10,34.6,24.7,82,1,360
2016,9,11,34.6,25,78,1,360
2016,9,12,34,23.3,86,1,360
2016,9,13,31,24.5,89,1,360
2016,9,14,30.6,23.6,93,1,90
2016,9,15,33.8,24.5,89,1,360
2016,9,16,31.4,25,86,1,360
2016,9,17,33.3,25.2,85,1,360
2016,9,18,32.4,24.7,92,1,360
2016,9,19,33.5,24.5,88,1,360
2016,9,20,31,24.3,87,1,360
2016,9,21,31.7,24,87,1,360
2016,9,22,31.3,24,89,1,360
2016,9,23,34,23.5,88,1,180
2016,9,24,34,25,85,1,360
2016,9,25,33.8,24.5,89,1,360
2016,9,26,33.5,25,87,1,360
2016,9,27,32,24.3,93,2,220
2016,9,28,30,24.5,93,1,360
2016,9,29,31,24.2,89,1,360
2016,9,30,31.7,23.8,89,1,360
2016,10,1,33.5,24.6,83,1,360
2016,10,2,34,25,85,1,180
2016,10,3,33.6,24.7,85,1,360
2016,10,4,32.2,23.5,89,1,360
2016,10,5,30,23.5,89,1,360
2016,10,6,32.4,24,89,1,360
2016,10,7,28.3,24.5,93,1,360
2016,10,8,31.2,24.4,90,1,360
2016,10,9,31.4,25,89,1,360
2016,10,10,32,24,85,1,360
2016,10,11,32.8,24.3,87,1,360
2016,10,12,32,24.4,89,1,360
2016,10,13,32,23,91,1,360
2016,10,14,32.4,25,85,1,360
2016,10,15,30,24,90,3,360
2016,10,16,26.8,24,98,1,360
2016,10,17,32.2,24.4,99,1,90
2016,10,18,33.8,25,83,1,360
2016,10,19,30.8,24.5,89,3,290
2016,10,20,30.4,24,94,1,360
2016,10,21,32.1,24.5,89,1,360
2016,10,22,33.8,24.5,81,1,360
2016,10,23,34,24.5,84,1,360
2016,10,24,33.8,23.6,83,1,360
2016,10,25,33,24.7,78,1,20
2016,10,26,34,24,77,1,360
2016,10,27,33.5,24.8,81,1,360
2016,10,28,34,23.5,79,1,40
2016,10,29,34.1,23,83,1,360
2016,10,30,34,23.8,77,1,40
2016,10,31,35,24,74,1,40
2016,11,1,33.9,24.9,77,1,40
2016,11,2,33.3,26,77,2,360
2016,11,3,33.4,24.4,81,1,360
2016,11,4,31.8,23.4,82,1,360
2016,11,5,33.2,24.2,85,1,360
2016,11,6,33.3,23.5,82,1,270
2016,11,7,33.3,22,78,1,360
2016,11,8,32.4,21.2,76,1,360
2016,11,9,33.4,21.3,73,1,360
2016,11,10,33.2,23.3,75,1,360
2016,11,11,33,24,78,1,360
2016,11,12,32.8,23.6,81,1,360
2016,11,13,34.8,23.6,73,1,40
2016,11,14,34,23.5,73,2,20
2016,11,15,32.5,23.6,85,1,360
2016,11,16,32,24,89,1,360
2016,11,17,33.8,25.2,81,1,20
2016,11,18,31.9,23,84,1,360
2016,11,19,30,23.5,90,1,360
2016,11,20,32.3,22.5,84,1,360
2016,11,21,33.5,20.8,82,1,360
2016,11,22,33,22.7,79,1,360
2016,11,23,33.8,22,79,1,360
2016,11,24,31.8,24.5,77,2,40
2016,11,25,30,23.1,82,1,360
2016,11,26,26.9,23.1,95,1,360
2016,11,27,32,23.5,88,1,360
2016,11,28,33.3,24,83,1,40
2016,11,29,32.5,23.5,82,1,360
2016,11,30,31.6,22.5,81,1,360
2016,12,1,33.5,23.5,79,1,360
2016,12,2,32.8,24,74,1,360
2016,12,3,33,24.6,75,1,40
2016,12,4,33.4,23.3,78,1,360
2016,12,5,32.5,22.6,84,1,360
2016,12,6,33.4,24.2,72,1,40
2016,12,7,32.2,23,77,1,360
2016,12,8,32.6,24.2,82,1,360
2016,12,9,31.8,24.3,83,1,360
2016,12,10,33.6,23.8,82,1,360
2016,12,11,33.7,23.3,81,1,40
2016,12,12,33.5,24,75,1,360
2016,12,13,32,24.4,88,1,360
2016,12,14,30.5,23,87,1,360
2016,12,15,28.2,23.4,88,1,360
2016,12,16,28.4,23.5,84,2,20
2016,12,17,29.6,24,88,2,40
2016,12,18,29.5,25,77,1,40
2016,12,19,32.7,24,75,1,360
2016,12,20,33.3,24.5,74,1,360
2016,12,21,32.8,21.5,80,1,360
2016,12,22,33.6,21.3,75,1,360
2016,12,23,33.4,21.3,74,1,360
2016,12,24,33.4,22.5,74,1,360
2016,12,25,32,23.2,74,2,40
2016,12,26,34,24,66,2,360
2016,12,27,31,24.5,82,1,360
2016,12,28,32.8,24,83,1,360
2016,12,29,34,24.4,77,1,360
2016,12,30,31.5,23.8,82,1,360
2016,12,31,31.8,22.5,71,1,40
2017,1,1,31,22.7,77,1,40
2017,1,2,32,23,74,1,40
2017,1,3,33,22.5,70,1,70
2017,1,4,33,20.5,77,1,80
2017,1,5,32.8,21.4,74,1,40
2017,1,6,32.7,22.3,78,1,40
2017,1,7,31.6,20.4,78,1,0
2017,1,8,31,21.4,81,1,0
2017,1,9,32.8,23.2,72,2,20
2017,1,10,29.5,22.7,87,1,40
2017,1,11,30,22,81,1,40
2017,1,12,30.5,21.7,84,1,40
2017,1,13,32.2,22.5,82,1,20
2017,1,14,32.7,22.5,84,1,0
2017,1,15,32.3,23.4,79,1,40
2017,1,16,31.4,21,73,1,40
2017,1,17,29.5,22.3,79,1,20
2017,1,18,31.8,20,72,1,40
2017,1,19,32,21.1,75,1,90
2017,1,20,31.6,21.4,77,1,260
2017,1,21,32,20.3,76,1,90
2017,1,22,32.2,22.5,78,1,360
2017,1,23,28.8,23.3,83,1,40
2017,1,24,29.9,22.1,80,1,40
2017,1,25,29.5,22,82,1,20
2017,1,26,30.6,21.6,78,1,40
2017,1,27,30.8,20.5,80,1,40
2017,1,28,28.9,21,84,1,40
2017,1,29,31,23.5,73,1,20
2017,1,30,33.2,23,77,1,40
2017,1,31,33,23.5,80,1,40
2017,2,1,32.8,22.5,85,1,20
2017,2,2,31.5,23,82,1,40
2017,2,3,30.7,23,78,2,40
2017,2,4,30.7,21.3,75,1,40
2017,2,5,31.4,22,79,1,140
2017,2,6,32,20.5,78,1,140
2017,2,7,32,21,81,1,40
2017,2,8,32.7,22,77,1,70
2017,2,9,32,21,82,1,360
2017,2,10,30.8,20,76,1,40
2017,2,11,29.9,20.2,75,1,40
2017,2,12,29.4,18.5,74,1,20
2017,2,13,29.1,19.8,75,2,40
2017,2,14,28.8,19.1,67,3,20
2017,2,15,30,20.2,69,3,40
2017,2,16,31,20.4,75,1,360
2017,2,17,30.5,22,76,1,360
2017,2,18,32.4,23.5,87,1,40
2017,2,19,28.4,22.5,83,1,40
2017,2,20,33,22.6,85,1,40
2017,2,21,32.9,21.5,82,1,140
2017,2,22,32.6,21,78,1,20
2017,2,23,33.5,22.5,80,1,140
2017,2,24,33.8,23.3,78,1,140
2017,2,25,33,22.9,80,1,360
2017,2,26,33,23.5,80,1,40
2017,2,27,32.7,22.3,75,1,70
2017,2,28,32,22,80,1,40
2017,3,1,34,23.2,79,1,60
2017,3,2,32.8,22.2,79,1,360
2017,3,3,33,22.8,76,1,40
2017,3,4,30.6,22.5,82,1,140
2017,3,5,32.2,20.7,79,1,180
2017,3,6,33.3,20.8,75,1,360
2017,3,7,33.4,21.5,78,1,140
2017,3,8,33.3,22.5,79,1,110
2017,3,9,32.3,20.3,77,1,20
2017,3,10,33.8,20.8,80,1,180
2017,3,11,33.5,21.5,79,1,140
2017,3,12,37.2,22,78,1,250
2017,3,13,34,23.4,78,1,120
2017,3,14,34.7,23.5,78,1,270
2017,3,15,33.4,22,79,1,360
2017,3,16,33,22.5,77,1,90
2017,3,17,33,22.3,75,1,80
2017,3,18,32.8,22,67,1,20
2017,3,19,32,20.5,76,1,40
2017,3,20,33,21.3,74,1,110
2017,3,21,31.9,22.5,80,1,180
2017,3,22,34.7,24.2,81,1,90
2017,3,23,35.3,25,80,1,340
2017,3,24,35.2,23.5,71,1,90
2017,3,25,36,24.5,76,1,220
2017,3,26,36,24.5,74,2,180
2017,3,27,34,25,73,3,40
2017,3,28,32.3,22.6,74,2,40
2017,3,29,34.2,22.8,74,1,160
2017,3,30,34.5,21.5,72,1,90
2017,3,31,34.4,23.5,72,1,270
2017,4,1,34.2,23.5,78,1,360
2017,4,2,33,22.2,74,2,40
2017,4,3,32,22.3,69,2,20
2017,4,4,32.3,20.5,68,1,360
2017,4,5,32.8,21.7,73,1,140
2017,4,6,34.9,23.2,71,1,180
2017,4,7,35.3,23.5,77,1,160
2017,4,8,36,24,78,1,140
2017,4,9,35.5,25.5,77,1,160
2017,4,10,36,26.7,71,1,360
2017,4,11,36.7,26,73,1,320
2017,4,12,36,23.8,76,1,180
2017,4,13,37,23.5,70,1,180
2017,4,14,36,25.5,71,1,180
2017,4,15,35.6,25.2,68,1,360
2017,4,16,33,24.5,84,1,40
2017,4,17,35,24.4,81,1,110
2017,4,18,36.5,25.2,82,1,180
2017,4,19,36.8,25.5,71,1,140
2017,4,20,36.8,25.5,74,1,290
2017,4,21,37,26,72,1,320
2017,4,22,37,25.5,75,1,260
2017,4,23,37,26,76,1,140
2017,4,24,37.6,25,70,1,90
2017,4,25,37,24,71,1,90
2017,4,26,37.2,25.5,72,1,360
2017,4,27,37.2,24.5,76,1,90
2017,4,28,37.2,25,72,1,320
2017,4,29,38,25,75,1,90
2017,4,30,34,25.5,82,1,90
2017,5,1,36.5,25.5,75,1,320
2017,5,2,37,25,79,1,90
2017,5,3,37,24,78,1,90
2017,5,4,37,24,89,1,180
2017,5,5,36.7,24,76,1,360
2017,5,6,35.4,24,73,1,360
2017,5,7,35.6,24,73,1,180
2017,5,8,36.6,24,73,1,90
2017,5,9,37.4,26,70,1,180
2017,5,10,36.8,26,73,1,140
2017,5,11,36.8,24.5,74,1,90
2017,5,12,37.5,25.2,72,1,180
2017,5,13,38,25.5,66,1,180
2017,5,14,36.8,25.5,71,1,90
2017,5,15,36.6,26.2,65,1,90
2017,5,16,37.2,25.8,75,1,360
2017,5,17,36.6,25.5,87,1,270
2017,5,18,35.2,24,81,1,140
2017,5,19,37,25.6,76,1,90
2017,5,20,38,26.3,82,1,180
2017,5,21,34.6,25,87,1,180
2017,5,22,34.5,24.5,83,1,90
2017,5,23,34,24.6,85,1,0
2017,5,24,34.4,25.9,86,1,270
2017,5,25,34,25.2,86,1,240
2017,5,26,35.2,24.5,83,1,270
2017,5,27,34.3,24.8,86,1,220
2017,5,28,35.5,25.7,84,1,200
2017,5,29,35.3,25,83,1,180
2017,5,30,35.8,24,74,1,180
2017,5,31,34.2,25.5,84,1,320
2017,6,1,34.7,24.8,85,1,0
2017,6,2,34,25.7,80,1,90
2017,6,3,34.4,25,89,1,180
2017,6,4,34.8,25.2,83,1,220
2017,6,5,34.6,25.8,81,1,180
2017,6,6,35,26,78,1,180
2017,6,7,33,25.5,82,1,40
2017,6,8,34.8,26,75,1,90
2017,6,9,34.8,24.5,82,1,360
2017,6,10,30.4,25,90,1,0
2017,6,11,33.8,25,81,1,90
2017,6,12,35,25,82,1,90
2017,6,13,36,25.5,80,1,90
2017,6,14,35.8,24.5,83,1,270
2017,6,15,35.5,23,85,1,40
2017,6,16,36.5,24.7,76,1,270
2017,6,17,35,25.5,76,1,220
2017,6,18,35.5,24.2,81,1,320
2017,6,19,35.4,25.6,80,1,90
2017,6,20,35.7,26,78,1,180
2017,6,21,35.8,25.5,81,1,180
2017,6,22,35.5,24.7,82,1,220
2017,6,23,34,24.8,85,1,270
2017,6,24,36.4,25.5,77,1,180
2017,6,25,36.2,23.5,79,1,180
2017,6,26,35.4,25.5,80,1,340
2017,6,27,34.3,25,83,1,140
2017,6,28,34.4,23.5,83,1,180
2017,6,29,33.6,24.5,85,1,180
2017,6,30,35,25,82,1,270
2017,7,1,35.4,25.2,82,1,180
2017,7,2,34.5,23.5,85,1,180
2017,7,3,32.3,24.4,92,1,180
2017,7,4,32.2,24.5,87,1,140
2017,7,5,33,24,89,1,90
2017,7,6,34.2,24.5,84,1,180
2017,7,7,35,25,82,1,360
2017,7,8,33,23.6,85,1,180
2017,7,9,32.7,24.6,85,1,90
2017,7,10,34.7,24.6,85,1,180
2017,7,11,30,23.8,90,1,180
2017,7,12,32,24,88,1,360
2017,7,13,32.7,23.5,92,1,110
2017,7,14,33.8,24,85,1,200
2017,7,15,33.2,25.2,85,1,220
2017,7,16,32.2,22.3,88,1,180
2017,7,17,33.5,24.5,83,1,90
2017,7,18,32.8,25,85,1,360
2017,7,19,30,23.8,91,1,70
2017,7,20,31.4,23.8,89,1,40
2017,7,21,32.2,23.7,84,1,180
2017,7,22,31.8,24.4,89,1,180
2017,7,23,34,25,81,1,290
2017,7,24,33.7,25,82,2,180
2017,7,25,33.3,24,82,2,180
2017,7,26,28.2,24.2,94,1,220
2017,7,27,29.5,24.5,92,1,140
2017,7,28,30,25,93,3,220
2017,7,29,31.4,25.7,89,3,200
2017,7,30,31.2,24,87,2,180
2017,7,31,33.5,25.4,88,1,220
2017,8,1,31.4,24.5,90,1,180
2017,8,2,30.4,24.6,95,1,70
2017,8,3,32,25,88,1,180
2017,8,4,32.5,23.5,87,1,180
2017,8,5,31.5,25,93,1,180
2017,8,6,33.4,24,88,1,180
2017,8,7,34,25.6,86,1,220
2017,8,8,34.4,24.2,87,1,360
2017,8,9,33.7,25,82,1,340
2017,8,10,33.6,25.3,88,1,320
2017,8,11,34.3,25.7,84,1,360
2017,8,12,34.8,24,86,1,320
2017,8,13,33.3,24,87,1,360
2017,8,14,34.3,24.5,85,1,270
2017,8,15,34.6,25,82,1,270
2017,8,16,35,25,86,1,360
2017,8,17,36,25,79,1,110
2017,8,18,34.4,24,87,1,360
2017,8,19,32.6,23.5,89,1,220
2017,8,20,32.8,24.3,85,1,180
2017,8,21,31.8,24.8,81,1,180
2017,8,22,31,24,93,1,270
2017,8,23,30.6,24.5,88,1,270
2017,8,24,30.8,20.5,90,1,220
2017,8,25,30.9,23.2,91,2,180
2017,8,26,30.8,23.5,89,1,270
2017,8,27,33.8,22.5,87,2,270
2017,8,28,35.4,24.5,80,1,40
2017,8,29,33,25,88,1,360
2017,8,30,33.8,25.4,85,2,140
2017,8,31,31.4,24.4,89,1,140
2017,9,1,32.7,24.3,85,2,180
2017,9,2,33.4,25.2,83,1,180
2017,9,3,33.5,25.5,87,1,220
2017,9,4,33,24.5,73,1,270
2017,9,5,28,23.5,94,1,270
2017,9,6,32,23.5,83,1,270
2017,9,7,33.4,24.2,83,1,290
2017,9,8,34.7,25.2,78,1,180
2017,9,9,35.6,25.2,79,1,270
2017,9,10,35,24.5,86,1,270
2017,9,11,29.3,24.5,92,1,360
2017,9,12,29.7,24.6,91,1,360
2017,9,13,34,24.5,81,1,90
2017,9,14,33.6,24.5,84,2,40
2017,9,15,32.5,24.5,87,1,90
2017,9,16,33.8,25.5,83,1,290
2017,9,17,33.6,25,85,1,320
2017,9,18,34.4,24.4,85,1,270
2017,9,19,33.7,24,87,1,180
2017,9,20,32.4,24.6,85,1,180
2017,9,21,35,25.3,85,1,180
2017,9,22,33.4,24.4,87,1,140
2017,9,23,29.6,23.7,91,2,180
2017,9,24,34.2,24.5,84,2,120
2017,9,25,34.2,24.2,82,2,360
2017,9,26,27.2,24.2,95,1,180
2017,9,27,33.5,25.2,86,1,220
2017,9,28,31.6,24,89,2,270
2017,9,29,29.8,24.5,90,1,360
2017,9,30,30.7,24.5,93,1,180
2017,10,1,33.2,24.3,89,2,120
2017,10,2,32.8,23.6,87,2,90
2017,10,3,33.4,23.5,86,1,360
2017,10,4,33,25.6,82,1,140
2017,10,5,31,24.2,91,1,180
2017,10,6,33.4,23.8,85,2,160
2017,10,7,33,24.3,90,1,360
2017,10,8,30.4,24.5,87,1,180
2017,10,9,30.2,23.5,92,2,180
2017,10,10,32.8,24.4,89,2,180
2017,10,11,32.5,24.5,92,1,180
2017,10,12,32.5,24,90,1,270
2017,10,13,31.5,24.7,91,4,180
2017,10,14,28.7,24,91,3,180
2017,10,15,32,23.7,86,1,140
2017,10,16,32.4,24,85,1,360
2017,10,17,34.7,24.5,76,3,40
2017,10,18,33.3,23.2,78,2,20
2017,10,19,31.4,24,87,1,180
2017,10,20,33.7,25.6,81,1,360
2017,10,21,32.6,24.6,85,2,180
2017,10,22,33.3,25.2,84,1,320
2017,10,23,31.8,24.5,84,1,270
2017,10,24,33,22.5,79,2,360
2017,10,25,31.7,23.7,83,1,110
2017,10,26,32.8,23.6,78,1,360
2017,10,27,32.7,24.6,80,1,340
2017,10,28,33.4,24.2,84,2,360
2017,10,29,33.6,25,81,2,80
2017,10,30,33.1,23,79,1,40
2017,10,31,31,24.5,78,3,360
2017,11,1,29,23,93,3,340
2017,11,2,26.3,23.2,95,2,40
2017,11,3,32.3,24.1,86,2,20
2017,11,4,31.7,23.4,83,2,40
2017,11,5,26.4,23.2,90,2,360
2017,11,6,32,24.5,82,2,360
2017,11,7,32,24,77,2,40
2017,11,8,33.4,23.5,75,2,40
2017,11,9,31.3,23.2,81,5,360
2017,11,10,37.4,24.2,91,1,90
2017,11,11,32.5,23.2,88,1,360
2017,11,12,32.4,23.7,82,1,70
2017,11,13,33,24,79,1,90
2017,11,14,33.7,23.7,81,1,90
2017,11,15,33.4,23.5,81,1,170
2017,11,16,32.8,22.8,81,1,90
2017,11,17,32,23.5,82,1,40
2017,11,18,34,24.5,84,1,90
2017,11,19,34.3,24.2,79,2,270
2017,11,20,31.7,24.2,82,1,360
2017,11,21,33.3,24.4,80,1,40
2017,11,22,32.7,23,82,1,360
2017,11,23,34.6,25,66,2,40
2017,11,24,33.8,24.5,76,4,40
2017,11,25,31.8,24.5,81,3,40
2017,11,26,33.6,23.6,73,2,40
2017,11,27,33.3,25.2,77,3,40
2017,11,28,33.5,23.5,76,4,360
2017,11,29,34.2,24.3,75,2,360
2017,11,30,30,24,87,1,360
2017,12,1,32.7,23.4,86,1,360
2017,12,2,33.5,23.7,78,1,360
2017,12,3,33.3,23.4,81,1,120
2017,12,4,33.6,24,80,1,120
2017,12,5,32.8,24,71,2,40
2017,12,6,33,23.2,73,1,20
2017,12,7,33.3,24.5,75,2,40
2017,12,8,32.8,23.5,84,1,270
2017,12,9,32.4,24.4,83,1,70
2017,12,10,33.2,24,81,1,340
2017,12,11,32.3,23.5,80,1,20
2017,12,12,32,23.5,74,2,360
2017,12,13,33,23.7,72,3,40
2017,12,14,31.8,22.3,72,3,20
2017,12,15,30.2,20.5,73,2,360
2017,12,16,30.6,21.7,76,3,360
2017,12,17,30.8,24,69,-999,-999
2017,12,18,26.7,22.5,85,1,360
2017,12,19,31,23,82,2,40
2017,12,20,32,23,73,4,40
2017,12,21,29.8,23.6,79,4,40
2017,12,22,31.6,25,71,4,40
2017,12,23,31.3,23.5,77,3,40
2017,12,24,32.8,24.4,76,2,20
2017,12,25,33.3,24.7,74,3,40
2017,12,26,32.3,25.1,70,3,20
2017,12,27,28.4,24.5,82,2,20
2017,12,28,30.3,21.5,82,2,40
2017,12,29,32.8,22,75,2,40
2017,12,30,31.6,20.5,76,2,40
2017,12,31,31.3,21.9,78,1,360
2018,1,1,31.5,21.9,72,3,40
2018,1,2,30.5,24,75,6,40
2018,1,3,30.2,23.4,81,2,20
2018,1,4,30.9,22,82,1,40
2018,1,5,32.5,23.7,85,1,360
2018,1,6,33,22.6,77,1,180
2018,1,7,33,23,80,2,360
2018,1,8,31.9,23.1,86,1,360
2018,1,9,33,23,85,1,360
2018,1,10,33.2,22.7,77,3,360
2018,1,11,32,22,70,3,40
2018,1,12,30,22.5,67,4,20
2018,1,13,29.3,21.6,68,4,40
2018,1,14,30.7,21.7,70,2,40
2018,1,15,31.7,21,74,2,360
2018,1,16,37.5,22.5,81,2,360
2018,1,17,27,22.7,94,1,360
2018,1,18,31.5,23.2,82,2,40
2018,1,19,31.8,22,76,2,360
2018,1,20,32.7,22,70,3,40
2018,1,21,31.2,21.5,83,1,360
2018,1,22,32.7,22,82,1,360
2018,1,23,33,22.8,81,1,360
2018,1,24,31.8,22.7,84,1,360
2018,1,25,33,22.3,76,1,360
2018,1,26,34,24.3,77,3,40
2018,1,27,29.2,23.5,82,1,40
2018,1,28,28.5,22.5,82,1,360
2018,1,29,32.2,23,79,1,360
2018,1,30,31.7,22,73,3,360
2018,1,31,32.8,22,76,2,360
2018,2,1,31.6,23,82,1,360
2018,2,2,32.8,22,75,2,360
2018,2,3,32,21,77,1,20
2018,2,4,32,22,78,1,360
2018,2,5,30.3,20.6,81,2,360
2018,2,6,31,20.9,78,2,360
2018,2,7,30.3,21.3,75,1,360
2018,2,8,30.3,22,81,1,360
2018,2,9,31,22,81,1,360
2018,2,10,33.4,23.5,80,1,360
2018,2,11,32,24.2,81,1,360
2018,2,12,34,23.3,70,4,20
2018,2,13,30.4,22.5,72,4,70
2018,2,14,32.2,23.4,71,3,360
2018,2,15,33.8,23,80,1,360
2018,2,16,34.2,24,75,1,360
2018,2,17,34,23.5,77,1,360
2018,2,18,34.2,23,77,1,360
2018,2,19,34.2,20.7,75,1,360
2018,2,20,34.4,22.5,74,1,360
2018,2,21,34,22.5,72,1,360
2018,2,22,35,23.2,78,1,360
2018,2,23,34.2,23,75,1,110
2018,2,24,34.4,24,66,2,20
2018,2,25,31.9,22.3,75,1,360
2018,2,26,33.8,25,82,1,360
2018,2,27,34,23,76,1,360
2018,2,28,34.2,23.5,76,1,360
2018,3,1,35.2,24,73,2,360
2018,3,2,34,22.6,83,1,360
2018,3,3,35.2,24.2,73,2,360
2018,3,4,35.1,22,63,2,360
2018,3,5,35.8,22,71,1,360
2018,3,6,39,23.7,74,1,360
2018,3,7,33.8,23,69,1,360
2018,3,8,34.8,23.5,82,1,360
2018,3,9,33.3,23.8,80,2,70
2018,3,10,30.8,21,66,3,20
2018,3,11,31.9,21,65,3,30
2018,3,12,32.7,20.8,74,2,360
2018,3,13,33.4,22,71,1,360
2018,3,14,33.7,23.8,75,1,20
2018,3,15,33.8,22.5,75,1,360
2018,3,16,35.2,23.8,76,1,360
2018,3,17,34.6,22,72,1,360
2018,3,18,34.7,23,73,1,360
2018,3,19,35.8,22.6,74,1,360
2018,3,20,35.1,23.1,70,2,290
2018,3,21,35.1,23.1,72,2,320
2018,3,22,31,23.4,67,3,20
2018,3,23,32.3,22.7,74,2,40
2018,3,24,31,21.5,68,2,40
2018,3,25,33,21.5,64,1,140
2018,3,26,33,21.6,75,1,360
2018,3,27,34,22,63,1,360
2018,3,28,35,23,71,2,90
2018,3,29,34.6,23,75,1,360
2018,3,30,34.7,23.2,77,1,360
2018,3,31,31.7,23,81,5,360
2018,4,1,34,23.4,75,1,360
2018,4,2,34.3,23.5,78,1,360
2018,4,3,33,23.9,78,1,360
2018,4,4,35,24.4,68,1,360
2018,4,5,34.1,23.6,67,1,140
2018,4,6,36.4,23.5,69,1,360
2018,4,7,35.6,24.2,72,2,360
2018,4,8,32.3,24.2,77,2,40
2018,4,9,33.8,23.5,80,2,360
2018,4,10,36,23.5,75,1,360
2018,4,11,37.5,23.9,71,1,360
2018,4,12,36.7,24.4,67,2,360
2018,4,13,37.1,24,63,2,360
2018,4,14,36.3,23.5,75,2,360
2018,4,15,28.3,24.4,70,1,360
2018,4,16,36.7,24.7,74,1,360
2018,4,17,35.7,24,72,1,360
2018,4,18,37.2,24.3,79,1,360
2018,4,19,37,24.9,70,1,360
2018,4,20,37.2,24,61,1,360
2018,4,21,37.8,25.5,71,1,340
2018,4,22,35.8,24.2,70,1,160
2018,4,23,37.6,24.4,69,2,90
2018,4,24,37.7,24.2,71,1,360
2018,4,25,36.7,24.8,70,1,360
2018,4,26,36.6,24.6,74,1,360
2018,4,27,38.1,24.5,57,1,360
2018,4,28,37,25.6,58,1,360
2018,4,29,37.2,25.5,63,1,360
2018,4,30,31.1,24.7,55,1,40
2018,5,1,36.5,25.4,74,1,360
2018,5,2,38.2,24.8,61,1,360
2018,5,3,38.1,25.6,61,1,360
2018,5,4,36.4,25.4,62,2,260
2018,5,5,31.8,24.7,74,1,360
2018,5,6,36.5,25.6,65,1,360
2018,5,7,38,25.8,59,1,200
2018,5,8,37.6,25,75,1,180
2018,5,9,37.2,24.6,73,1,340
2018,5,10,37.3,25.2,66,1,360
2018,5,11,38,25.1,68,1,360
2018,5,12,29.2,24.5,74,1,360
2018,5,13,38,25.5,73,1,360
2018,5,14,39,26.4,64,1,360
2018,5,15,36.2,24.8,71,1,360
2018,5,16,37.7,24.5,69,1,360
2018,5,17,39.8,25.2,70,1,360
2018,5,18,37.3,25.8,68,1,360
2018,5,19,38.2,25.5,67,1,360
2018,5,20,37.8,25.6,69,1,360
2018,5,21,37.2,24.4,70,1,270
2018,5,22,37.8,24.1,69,1,360
2018,5,23,37,25,69,1,360
2018,5,24,37.2,24.7,70,1,360
2018,5,25,36.4,23.6,86,1,360
2018,5,26,31,25.7,72,1,360
2018,5,27,37.5,25.3,70,1,360
2018,5,28,38,27,62,1,360
2018,5,29,37.5,25.6,68,1,360
2018,5,30,35.6,25,76,1,360
2018,5,31,35.4,25.5,72,1,180
2018,6,1,36.7,25.5,72,1,360
2018,6,2,36.6,24.5,75,1,360
2018,6,3,34.6,24.5,73,1,360
2018,6,4,37.2,27.6,66,1,360
2018,6,5,37.4,24,73,1,360
2018,6,6,32.8,24.2,81,1,360
2018,6,7,31.5,25,82,1,360
2018,6,8,32.4,24.7,90,2,180
2018,6,9,31.3,24,92,1,180
2018,6,10,29.2,24.4,92,1,180
2018,6,11,30.1,24.2,95,1,180
2018,6,12,31,25,90,1,360
2018,6,13,27.6,23.6,96,1,360
2018,6,14,30,24.1,91,1,180
2018,6,15,29.5,23.6,90,2,180
2018,6,16,31.9,24.5,87,2,180
2018,6,17,31.9,23.5,89,1,180
2018,6,18,32.7,25.2,81,1,180
2018,6,19,29.2,24.8,82,1,360
2018,6,20,33.8,24,84,1,360
2018,6,21,33.8,23.5,85,1,360
2018,6,22,32.8,24.5,86,1,360
2018,6,23,28.8,24.2,80,1,360
2018,6,24,34,23.2,79,1,220
2018,6,25,32,24,86,1,360
2018,6,26,31.7,24,88,1,360
2018,6,27,27.8,24.3,82,1,360
2018,6,28,33.7,25.6,81,1,360
2018,6,29,32.8,24.7,87,1,360
2018,6,30,32.3,24.4,94,1,360
2018,7,1,34,23.7,80,1,360
2018,7,2,32.4,23.5,85,1,360
2018,7,3,33,24.5,85,1,180
2018,7,4,32.9,23.5,87,2,360
2018,7,5,32.7,24.4,83,1,360
2018,7,6,33.6,25,83,1,360
2018,7,7,33.8,24,93,1,70
2018,7,8,33.2,24.9,85,1,360
2018,7,9,33,24,79,2,180
2018,7,10,32.2,25,82,2,160
2018,7,11,31.4,24,91,2,160
2018,7,12,30,24.2,87,2,180
2018,7,13,32.4,24,85,1,180
2018,7,14,31,24.2,88,1,360
2018,7,15,32,25,87,1,180
2018,7,16,31.8,23.7,87,2,180
2018,7,17,27.8,24.2,93,1,180
2018,7,18,26.7,23.8,98,1,360
2018,7,19,31.3,23,94,1,360
2018,7,20,30,23.5,94,1,360
2018,7,21,27.7,24.2,95,1,180
2018,7,22,29.6,23.7,91,1,360
2018,7,23,29.6,24.5,89,2,180
2018,7,24,32,22.6,88,1,360
2018,7,25,32.5,24.1,86,1,360
2018,7,26,27,24.6,80,1,140
2018,7,27,31.4,24,90,1,360
2018,7,28,33.5,24,87,1,360
2018,7,29,33.4,24.6,83,1,360
2018,7,30,34.2,25.2,82,1,360
2018,7,31,34.6,25.5,81,1,360
2018,8,1,28.4,24.4,78,1,360
2018,8,2,34.1,23.5,80,1,110
2018,8,3,33.1,24,85,1,180
2018,8,4,33,25,82,1,360
2018,8,5,32.6,24,89,1,140
2018,8,6,33.4,25.2,79,2,360
2018,8,7,32.3,24.5,85,1,360
2018,8,8,29.6,23.8,93,1,360
2018,8,9,30.6,23.6,90,1,360
2018,8,10,29.8,24.5,91,1,200
2018,8,11,26.9,24,97,1,180
2018,8,12,30,24.3,97,1,180
2018,8,13,29.2,24.3,92,1,360
2018,8,14,29.2,24.7,94,1,180
2018,8,15,31.2,24.4,85,1,360
2018,8,16,31.8,22.5,92,1,360
2018,8,17,31,23.6,92,1,360
2018,8,18,32.1,24.5,83,1,180
2018,8,19,32.8,24.4,84,1,180
2018,8,20,27.5,24,94,1,360
2018,8,21,30.2,25.2,94,1,360
2018,8,22,31.4,24.6,89,1,360
2018,8,23,32,25,90,1,180
2018,8,24,32.5,23.2,85,1,360
2018,8,25,28.6,24,91,2,180
2018,8,26,29.5,24.3,91,1,140
2018,8,27,31.8,24.4,83,1,180
2018,8,28,33.3,24,79,11,360
2018,8,29,33.5,24.6,79,7,360
2018,8,30,33.8,24.4,79,1,360
2018,8,31,34,24,79,1,360
2018,9,1,33.5,24.8,82,1,360
2018,9,2,33.6,24,84,2,180
2018,9,3,32.1,23.2,85,1,180
2018,9,4,33,24,81,1,140
2018,9,5,33.5,24.5,83,1,360
2018,9,6,32.4,22.5,89,1,360
2018,9,7,27.3,23.7,96,1,360
2018,9,8,32.5,24.9,87,1,360
2018,9,9,32.8,24.5,85,1,360
2018,9,10,33,23.8,83,1,220
2018,9,11,32.5,24.2,80,1,360
2018,9,12,34.5,23.7,79,1,360
2018,9,13,33.7,25.5,82,1,320
2018,9,14,28.2,23.6,97,2,220
2018,9,15,26.2,23.2,98,4,180
2018,9,16,31.2,24.4,88,1,180
2018,9,17,32,24,84,1,360
2018,9,18,34.7,25,73,1,360
2018,9,19,27.3,24.5,77,1,360
2018,9,20,30.4,23.6,90,1,360
2018,9,21,33,23.8,84,1,360
2018,9,22,34,23.5,80,1,360
2018,9,23,33.8,24.3,79,1,360
2018,9,24,34,24.6,80,1,360
2018,9,25,33,25,81,1,360
2018,9,26,34,25.4,77,2,360
2018,9,27,33.8,24.5,83,1,360
2018,9,28,32.6,25,83,1,360
2018,9,29,33.2,25.5,77,1,360
2018,9,30,33.8,25,77,1,360
2018,10,1,34.2,24.3,82,1,270
2018,10,2,33.7,24.4,88,1,360
2018,10,3,33,23.6,79,1,360
2018,10,4,32.2,23.6,77,1,290
2018,10,5,32.8,23,77,1,360
2018,10,6,33.5,24,78,1,360
2018,10,7,33.5,24,78,1,360
2018,10,8,34.2,24.3,80,1,360
2018,10,9,34.4,25,73,1,360
2018,10,10,35,24,73,1,360
2018,10,11,34.2,25,78,1,360
2018,10,12,35,24.8,72,1,360
2018,10,13,34.4,24.5,79,1,360
2018,10,14,34.6,24.3,72,0,0
2018,10,15,33.2,23.6,88,1,360
2018,10,16,34,24.2,78,1,360
2018,10,17,35,22.5,78,1,360
2018,10,18,33.6,24.5,77,1,360
2018,10,19,33.6,23.8,77,1,360
2018,10,20,33.3,25,83,1,360
2018,10,21,34,24,72,2,100
2018,10,22,33.6,24,72,1,40
2018,10,23,34,23,70,1,140
2018,10,24,34,24.5,64,1,360
2018,10,25,33.7,23.2,75,1,360
2018,10,26,33.5,23,77,1,360
2018,10,27,34.2,24.5,69,1,360
2018,10,28,32.9,21.4,64,3,360
2018,10,29,31.8,24,71,2,360
2018,10,30,28.8,23.4,97,4,140
2018,10,31,32.7,24.4,79,1,360
2018,11,1,33.2,24.7,81,1,360
2018,11,2,33.5,22.9,76,1,90
2018,11,3,33.9,23.5,75,1,360
2018,11,4,34,23.5,78,1,20
2018,11,5,33.8,24.5,68,2,40
2018,11,6,33.8,24,73,1,40
2018,11,7,33.3,23.8,69,2,40
2018,11,8,36.7,23.6,66,2,50
2018,11,9,31.4,25,65,3,40
2018,11,10,33,22.2,67,2,40
2018,11,11,34,23,67,1,40
2018,11,12,33.5,23.3,74,1,360
2018,11,13,33,23.2,78,1,360
2018,11,14,33.9,22.6,67,1,100
2018,11,15,33.3,21.6,70,1,360
2018,11,16,33.3,21.5,76,2,40
2018,11,17,33.4,22,79,1,360
2018,11,18,32.8,21.4,79,1,360
2018,11,19,32.8,22.5,78,1,360
2018,11,20,32.4,24.2,66,2,20
2018,11,21,29.8,24,74,1,40
2018,11,22,32.8,23.5,73,2,40
2018,11,23,33.3,22.5,78,1,360
2018,11,24,32.4,23.2,77,1,360
2018,11,25,30.4,21.4,76,1,40
2018,11,26,33.9,22.5,71,1,360
2018,11,27,33.9,23.6,70,1,360
2018,11,28,33.3,23.5,74,1,360
2018,11,29,33,23.5,74,1,360
2018,11,30,32,23.4,74,1,20
2018,12,1,32.9,22.2,70,2,360
2018,12,2,33,22,67,2,40
2018,12,3,33.6,23.6,72,1,360
2018,12,4,29.3,23,83,1,360
2018,12,5,33.8,23,73,2,40
2018,12,6,33.2,24.6,75,2,40
2018,12,7,33.2,23.5,75,2,40
2018,12,8,33.3,23.4,69,1,360
2018,12,9,32.6,22.4,78,1,360
2018,12,10,33.5,23.4,73,1,110
2018,12,11,33.3,23,78,1,360
2018,12,12,33.4,23,68,2,40
2018,12,13,26.7,23.6,72,3,40
2018,12,14,31.5,24,70,3,20
2018,12,15,32,24.2,67,4,40
2018,12,16,31.3,22,79,2,360
2018,12,17,32.7,22,76,1,360
2018,12,18,33.3,23.3,74,2,40
2018,12,19,36,21.7,76,2,40
2018,12,20,31.8,23,75,2,360
2018,12,21,33,23.4,81,1,40
2018,12,22,32.8,24.5,79,2,40
2018,12,23,24.4,22.5,90,1,360
2018,12,24,28.7,22.7,90,1,360
2018,12,25,31.5,23.2,88,1,360
2018,12,26,32.3,22.4,81,1,360
2018,12,27,33.7,24,82,1,360
2018,12,28,27.7,24,90,2,360
2018,12,29,26.3,22.5,82,3,40
2018,12,30,28,22.7,80,3,20
2018,12,31,29,22.5,88,1,360
