Date,Station,HI_1day_forecast,HI_2day_forecast,HI_1day_predicted,HI_2day_predicted
3/1/2023,Ambulong,31,30.5,33.865704,34.38216
3/2/2023,Ambulong,30.5,32.3,31.755863,33.20224
3/3/2023,Ambulong,32.3,30.4,31.320864,32.423153
3/4/2023,Ambulong,30.4,31.1,32.999874,34.36418
3/5/2023,Ambulong,31.1,32.3,30.681028,32.289402
3/6/2023,Ambulong,32.3,34.3,31.907667,32.90869
3/7/2023,Ambulong,34.3,33.2,33.029716,33.983437
3/8/2023,Ambulong,33.2,32.6,33.94548,34.580875
3/9/2023,Ambulong,32.6,30.2,34.076576,34.56087
3/10/2023,Ambulong,30.2,33.3,33.494465,34.152863
3/11/2023,Ambulong,33.3,30.4,31.458767,32.35824
3/12/2023,Ambulong,30.4,34.1,33.78328,34.329987
3/13/2023,Ambulong,34.1,35.6,31.31491,32.83708
3/14/2023,Ambulong,35.6,35.7,34.28238,34.417694
3/15/2023,Ambulong,35.7,33.9,34.7003,34.69101
3/16/2023,Ambulong,33.9,36.6,35.21926,34.855984
3/17/2023,Ambulong,36.6,34.3,33.563274,34.426273
3/18/2023,Ambulong,34.3,35.1,37.091236,36.628414
3/19/2023,Ambulong,35.1,37.4,34.8628,35.18593
3/20/2023,Ambulong,37.4,40.8,35.44539,35.436447
3/21/2023,Ambulong,40.8,40.6,36.719456,36.14868
3/22/2023,Ambulong,40.6,38.9,38.66957,37.760624
3/23/2023,Ambulong,38.9,39,38.590855,37.902573
3/24/2023,Ambulong,39,36.5,38.09382,37.35482
3/25/2023,Ambulong,36.5,38.1,37.898975,37.512623
3/26/2023,Ambulong,38.1,36.2,37.114048,37.093597
3/27/2023,Ambulong,36.2,35.1,37.657417,37.79025
3/28/2023,Ambulong,35.1,39,37.32726,37.278183
3/29/2023,Ambulong,39,39.1,36.658726,36.97374
3/30/2023,Ambulong,39.1,40.8,38.161835,38.050472
3/31/2023,Ambulong,40.8,37.7,38.40675,38.344105
4/1/2023,Ambulong,37.7,38.9,39.60987,39.199455
4/2/2023,Ambulong,38.9,36,39.066673,38.901424
4/3/2023,Ambulong,36,34.2,39.252308,39.421356
4/4/2023,Ambulong,34.2,37.9,38.058098,38.62276
4/5/2023,Ambulong,37.9,40.9,37.43919,37.89713
4/6/2023,Ambulong,40.9,36.4,38.264603,38.7742
4/7/2023,Ambulong,36.4,34.3,40.01855,40.176888
4/8/2023,Ambulong,34.3,36.1,38.278904,38.769066
4/9/2023,Ambulong,36.1,35.4,36.72838,37.78135
4/10/2023,Ambulong,35.4,29.9,37.86876,38.39479
4/11/2023,Ambulong,29.9,30.1,37.939037,38.475285
4/12/2023,Ambulong,30.1,36,36.96619,38.401707
4/13/2023,Ambulong,36,39.6,35.745434,37.618492
4/14/2023,Ambulong,39.6,40.4,38.21189,38.572563
4/15/2023,Ambulong,40.4,44.1,38.989014,39.56784
4/16/2023,Ambulong,44.1,39.1,39.88556,39.86084
4/17/2023,Ambulong,39.1,42.7,40.90886,40.527977
4/18/2023,Ambulong,42.7,41.1,39.892235,40.051193
4/19/2023,Ambulong,41.1,41.8,41.110245,40.404102
4/20/2023,Ambulong,41.8,42.9,41.581882,41.677753
4/21/2023,Ambulong,42.9,42.6,42.0157,41.513374
4/22/2023,Ambulong,42.6,39.6,41.891773,41.214294
4/23/2023,Ambulong,39.6,38.7,41.539566,41.66672
4/24/2023,Ambulong,38.7,38.4,39.669685,40.357445
4/25/2023,Ambulong,38.4,38.7,40.134457,39.979427
4/26/2023,Ambulong,38.7,39.8,40.28488,40.236237
4/27/2023,Ambulong,39.8,41.9,40.033936,40.60375
4/28/2023,Ambulong,41.9,41.6,40.765705,40.68413
4/29/2023,Ambulong,41.6,42,41.496532,41.38521
4/30/2023,Ambulong,42,40.3,42.006054,42.218555
5/1/2023,Ambulong,40.3,37.3,42.501274,42.628414
5/2/2023,Ambulong,37.3,35.5,41.716145,41.82623
5/3/2023,Ambulong,35.5,38.7,40.54598,40.86874
5/4/2023,Ambulong,38.7,41.7,39.661667,40.42302
5/5/2023,Ambulong,41.7,41,40.475895,41.456924
5/6/2023,Ambulong,41,46.3,41.7849,41.90213
5/7/2023,Ambulong,46.3,45.6,41.865044,42.570778
5/8/2023,Ambulong,45.6,44.7,43.763943,42.963726
5/9/2023,Ambulong,44.7,40.9,43.54163,42.93492
5/10/2023,Ambulong,40.9,42.3,43.29247,43.29559
5/11/2023,Ambulong,42.3,41.6,40.719532,42.050583
5/12/2023,Ambulong,41.6,39.7,42.37195,42.390064
5/13/2023,Ambulong,39.7,42.6,43.26874,42.962593
5/14/2023,Ambulong,42.6,43,42.654537,42.801918
5/15/2023,Ambulong,43,45,42.719936,42.693165
5/16/2023,Ambulong,45,43.5,43.044025,42.364193
5/17/2023,Ambulong,43.5,44.5,43.087124,42.806747
5/18/2023,Ambulong,44.5,35,43.299362,44.027912
5/19/2023,Ambulong,35,41.5,43.496056,43.54928
5/20/2023,Ambulong,41.5,43.1,40.68532,42.46955
5/21/2023,Ambulong,43.1,42.6,43.22028,44.067818
5/22/2023,Ambulong,42.6,43.1,43.91441,44.70393
5/23/2023,Ambulong,43.1,45.8,43.635384,43.80806
5/24/2023,Ambulong,45.8,42.4,42.989014,44.250603
5/25/2023,Ambulong,42.4,43.8,44.77304,44.229183
5/26/2023,Ambulong,43.8,41.3,43.713158,44.416233
5/27/2023,Ambulong,41.3,41.2,43.732677,44.141098
5/28/2023,Ambulong,41.2,37.6,43.2316,43.67078
5/29/2023,Ambulong,37.6,38.6,42.844433,43.14545
5/30/2023,Ambulong,38.6,40.8,39.995186,41.20376
5/31/2023,Ambulong,40.8,37.1,40.397205,40.460533
3/1/2023,Baguio,23.8,22.1,25.010998,24.994772
3/2/2023,Baguio,22.1,23,24.690317,24.735031
3/3/2023,Baguio,23,21.8,24.388325,24.571205
3/4/2023,Baguio,21.8,24,24.464985,24.665329
3/5/2023,Baguio,24,24.4,24.38904,24.893791
3/6/2023,Baguio,24.4,23.1,24.837393,24.799994
3/7/2023,Baguio,23.1,21.1,24.701633,24.892353
3/8/2023,Baguio,21.1,23.5,24.430517,24.870398
3/9/2023,Baguio,23.5,21.1,24.109962,24.452673
3/10/2023,Baguio,21.1,20.5,24.173578,24.419376
3/11/2023,Baguio,20.5,21.8,23.905806,24.15938
3/12/2023,Baguio,21.8,24,24.072819,24.2967
3/13/2023,Baguio,24,25,23.66289,23.866117
3/14/2023,Baguio,25,24.4,23.84024,24.06543
3/15/2023,Baguio,24.4,26,24.684895,24.562626
3/16/2023,Baguio,26,24.8,24.881266,24.975035
3/17/2023,Baguio,24.8,22.9,25.288486,25.351568
3/18/2023,Baguio,22.9,25.9,24.669485,24.728151
3/19/2023,Baguio,25.9,26.4,24.044273,24.261213
3/20/2023,Baguio,26.4,28.7,25.260517,24.70371
3/21/2023,Baguio,28.7,28.7,25.70512,25.545061
3/22/2023,Baguio,28.7,26.7,26.510578,25.998756
3/23/2023,Baguio,26.7,26.8,26.834944,26.484882
3/24/2023,Baguio,26.8,24.1,26.029661,26.140772
3/25/2023,Baguio,24.1,27.2,25.859528,26.050148
3/26/2023,Baguio,27.2,26.8,24.74173,24.778873
3/27/2023,Baguio,26.8,23.3,25.872572,26.214619
3/28/2023,Baguio,23.3,23.7,25.759111,25.755167
3/29/2023,Baguio,23.7,25.9,24.332928,24.653439
3/30/2023,Baguio,25.9,26.1,23.966833,24.530237
3/31/2023,Baguio,26.1,26.2,24.589169,24.794157
4/1/2023,Baguio,26.2,24.2,25.042547,25.347694
4/2/2023,Baguio,24.2,23.4,25.527302,25.379412
4/3/2023,Baguio,23.4,24,24.330708,24.653488
4/4/2023,Baguio,24,21,23.68836,24.2444
4/5/2023,Baguio,21,24.9,24.117617,24.444
4/6/2023,Baguio,24.9,24.3,23.42154,24.299948
4/7/2023,Baguio,24.3,22.8,24.390825,24.748102
4/8/2023,Baguio,22.8,24.3,24.296083,24.622314
4/9/2023,Baguio,24.3,24.4,24.007147,24.405172
4/10/2023,Baguio,24.4,25.2,24.164658,24.35562
4/11/2023,Baguio,25.2,25.8,23.859068,24.400307
4/12/2023,Baguio,25.8,21.2,24.824503,25.007116
4/13/2023,Baguio,21.2,23.5,24.212597,24.821375
4/14/2023,Baguio,23.5,23.9,22.49118,23.902409
4/15/2023,Baguio,23.9,24.9,23.778368,23.90301
4/16/2023,Baguio,24.9,25.9,23.76437,24.251572
4/17/2023,Baguio,25.9,27.7,24.186632,25.199488
4/18/2023,Baguio,27.7,28.5,25.140125,25.081932
4/19/2023,Baguio,28.5,27,26.220085,25.870293
4/20/2023,Baguio,27,27,26.435825,25.877064
4/21/2023,Baguio,27,23.1,26.246262,25.761131
4/22/2023,Baguio,23.1,25,26.272295,25.758682
4/23/2023,Baguio,25,23.9,24.236364,24.701782
4/24/2023,Baguio,23.9,24.8,25.01878,25.08448
4/25/2023,Baguio,24.8,26.5,24.20571,24.947145
4/26/2023,Baguio,26.5,25.8,24.503183,24.530096
4/27/2023,Baguio,25.8,27.8,25.318369,25.277159
4/28/2023,Baguio,27.8,27.8,25.337976,25.204016
4/29/2023,Baguio,27.8,27.4,26.361265,26.053158
4/30/2023,Baguio,27.4,25.8,25.96321,25.873709
5/1/2023,Baguio,25.8,27,26.25744,26.149912
5/2/2023,Baguio,27,25.5,25.835142,25.692276
5/3/2023,Baguio,25.5,23.8,26.169577,26.425222
5/4/2023,Baguio,23.8,28.2,25.403248,25.623493
5/5/2023,Baguio,28.2,27,23.648186,23.896057
5/6/2023,Baguio,27,24.6,26.259638,26.091217
5/7/2023,Baguio,24.6,26.2,26.25254,26.565512
5/8/2023,Baguio,26.2,24.3,24.62562,24.861708
5/9/2023,Baguio,24.3,24.9,25.593046,25.72434
5/10/2023,Baguio,24.9,25.1,24.254799,24.3536
5/11/2023,Baguio,25.1,24.4,25.105953,25.345688
5/12/2023,Baguio,24.4,25,25.131907,25.349886
5/13/2023,Baguio,25,24.7,24.291986,24.337767
5/14/2023,Baguio,24.7,20.9,24.587605,24.585323
5/15/2023,Baguio,20.9,23.1,24.1163,24.133715
5/16/2023,Baguio,23.1,24.5,23.290545,23.98634
5/17/2023,Baguio,24.5,20.4,23.718632,24.075205
5/18/2023,Baguio,20.4,21.6,24.171432,24.609623
5/19/2023,Baguio,21.6,25.2,22.59769,24.099104
5/20/2023,Baguio,25.2,19.2,23.078611,23.733812
5/21/2023,Baguio,19.2,23.1,23.973816,23.53145
5/22/2023,Baguio,23.1,24.3,22.082365,23.345467
5/23/2023,Baguio,24.3,23.5,23.534544,23.781538
5/24/2023,Baguio,23.5,22.9,23.83596,23.97522
5/25/2023,Baguio,22.9,20.3,23.557358,23.736238
5/26/2023,Baguio,20.3,26.6,22.989704,23.646175
5/27/2023,Baguio,26.6,21.4,22.069473,22.801182
5/28/2023,Baguio,21.4,16.6,24.740725,23.976526
5/29/2023,Baguio,16.6,14.7,21.897066,22.552845
5/30/2023,Baguio,14.7,16.5,19.144869,19.074007
5/31/2023,Baguio,16.5,25.1,18.068727,17.93908
3/1/2023,Baler,30.3,30.1,31.530972,31.7865
3/2/2023,Baler,30.1,29.9,30.027824,30.958456
3/3/2023,Baler,29.9,29.6,30.777847,31.82077
3/4/2023,Baler,29.6,32.3,30.822657,31.710781
3/5/2023,Baler,32.3,32.3,30.617186,32.095833
3/6/2023,Baler,32.3,32.9,32.216904,32.460323
3/7/2023,Baler,32.9,32.1,32.27062,32.369892
3/8/2023,Baler,32.1,29.4,32.588337,32.62616
3/9/2023,Baler,29.4,31,32.65559,32.58639
3/10/2023,Baler,31,33.4,30.925941,31.878347
3/11/2023,Baler,33.4,27.8,31.64455,32.27923
3/12/2023,Baler,27.8,31.6,33.07176,32.615356
3/13/2023,Baler,31.6,35.3,30.167915,31.334385
3/14/2023,Baler,35.3,35.8,32.556675,32.055054
3/15/2023,Baler,35.8,32,33.585823,32.621044
3/16/2023,Baler,32,36,33.942326,33.092655
3/17/2023,Baler,36,32.4,34.33806,33.996464
3/18/2023,Baler,32.4,34.5,35.441753,34.754032
3/19/2023,Baler,34.5,34.5,34.062206,34.07024
3/20/2023,Baler,34.5,35.7,34.709965,34.373955
3/21/2023,Baler,35.7,39.7,34.642517,33.97648
3/22/2023,Baler,39.7,37.7,36.044037,34.938046
3/23/2023,Baler,37.7,36.8,37.488567,36.094097
3/24/2023,Baler,36.8,37.1,37.087875,36.389137
3/25/2023,Baler,37.1,37.3,36.664,36.40019
3/26/2023,Baler,37.3,34.8,36.332146,35.51148
3/27/2023,Baler,34.8,36.6,36.8928,36.16926
3/28/2023,Baler,36.6,38.2,35.659504,35.735218
3/29/2023,Baler,38.2,39.7,36.457783,35.02244
3/30/2023,Baler,39.7,36,37.265053,36.559036
3/31/2023,Baler,36,39.7,37.951176,37.335087
4/1/2023,Baler,39.7,34.7,36.737473,36.940952
4/2/2023,Baler,34.7,28.5,38.591633,38.107853
4/3/2023,Baler,28.5,33,36.470573,37.635925
4/4/2023,Baler,33,36.5,31.93322,35.814335
4/5/2023,Baler,36.5,37.4,34.03707,35.78222
4/6/2023,Baler,37.4,35.5,37.19054,37.50835
4/7/2023,Baler,35.5,34.3,37.88714,37.94048
4/8/2023,Baler,34.3,34.8,37.178486,37.029285
4/9/2023,Baler,34.8,34.3,35.031742,36.159077
4/10/2023,Baler,34.3,34,35.721947,36.497395
4/11/2023,Baler,34,31.6,36.139637,35.920593
4/12/2023,Baler,31.6,36.4,35.235413,36.406868
4/13/2023,Baler,36.4,38.6,33.443127,35.807972
4/14/2023,Baler,38.6,38.8,36.096672,36.01088
4/15/2023,Baler,38.8,36.2,38.26164,37.271294
4/16/2023,Baler,36.2,40.1,36.65615,36.442635
4/17/2023,Baler,40.1,40.9,36.34648,36.798004
4/18/2023,Baler,40.9,39.9,38.157066,38.169964
4/19/2023,Baler,39.9,43.5,39.8865,39.00094
4/20/2023,Baler,43.5,38.7,39.95955,38.934494
4/21/2023,Baler,38.7,37.4,39.90302,39.747166
4/22/2023,Baler,37.4,36.9,39.639713,39.2714
4/23/2023,Baler,36.9,36,39.304176,39.577873
4/24/2023,Baler,36,37.7,37.740833,38.688236
4/25/2023,Baler,37.7,35.3,38.052204,38.646263
4/26/2023,Baler,35.3,38.6,38.19396,39.101547
4/27/2023,Baler,38.6,38.2,37.18555,37.825558
4/28/2023,Baler,38.2,41.9,38.930195,38.68715
4/29/2023,Baler,41.9,39.2,38.655556,38.855053
4/30/2023,Baler,39.2,39.7,40.01474,39.84891
5/1/2023,Baler,39.7,39.2,40.18101,40.08602
5/2/2023,Baler,39.2,38.9,39.999058,40.0147
5/3/2023,Baler,38.9,37.1,39.383278,39.697628
5/4/2023,Baler,37.1,38.5,37.261593,39.387657
5/5/2023,Baler,38.5,40.1,39.172882,39.634678
5/6/2023,Baler,40.1,44,39.859123,39.257423
5/7/2023,Baler,44,40.6,41.30906,40.23625
5/8/2023,Baler,40.6,37.3,41.683117,41.10296
5/9/2023,Baler,37.3,33.2,39.31667,39.93831
5/10/2023,Baler,33.2,34.2,36.791706,38.690098
5/11/2023,Baler,34.2,39.2,36.827583,38.241596
5/12/2023,Baler,39.2,33.6,35.810013,37.84486
5/13/2023,Baler,33.6,37.7,37.024635,38.016632
5/14/2023,Baler,37.7,40.9,37.249653,38.390644
5/15/2023,Baler,40.9,43.1,39.399143,38.49052
5/16/2023,Baler,43.1,45.3,40.78546,39.844604
5/17/2023,Baler,45.3,42,41.194714,40.780445
5/18/2023,Baler,42,40.9,42.27718,42.134216
5/19/2023,Baler,40.9,41.9,41.25777,41.343815
5/20/2023,Baler,41.9,43.9,41.384014,41.492775
5/21/2023,Baler,43.9,42.6,41.947186,41.476566
5/22/2023,Baler,42.6,36.8,43.157227,42.210457
5/23/2023,Baler,36.8,39.5,42.089474,41.838284
5/24/2023,Baler,39.5,38.9,40.4522,40.124477
5/25/2023,Baler,38.9,37.7,40.42875,40.42663
5/26/2023,Baler,37.7,39.4,40.601364,40.534172
5/27/2023,Baler,39.4,40.6,38.913754,39.881813
5/28/2023,Baler,40.6,37.9,40.766045,40.93149
5/29/2023,Baler,37.9,36.1,40.636906,40.988186
5/30/2023,Baler,36.1,38.5,39.915504,40.077034
5/31/2023,Baler,38.5,44.1,38.83962,39.0288
3/1/2023,Basco,22.8,22.9,24.88566,25.401295
3/2/2023,Basco,22.9,23.7,23.555742,24.615938
3/3/2023,Basco,23.7,23.2,23.822338,24.323402
3/4/2023,Basco,23.2,24.2,23.875378,24.240498
3/5/2023,Basco,24.2,24.7,23.794855,24.37521
3/6/2023,Basco,24.7,24.5,24.368418,24.4775
3/7/2023,Basco,24.5,25.3,24.628716,24.92921
3/8/2023,Basco,25.3,25,24.958382,25.143045
3/9/2023,Basco,25,25.1,24.431309,24.98977
3/10/2023,Basco,25.1,24.6,24.607265,24.84445
3/11/2023,Basco,24.6,20.3,24.687054,25.190796
3/12/2023,Basco,20.3,22.5,24.407625,24.599209
3/13/2023,Basco,22.5,24.4,23.023708,24.036573
3/14/2023,Basco,24.4,24.1,23.969992,24.389479
3/15/2023,Basco,24.1,23.9,24.76229,25.259073
3/16/2023,Basco,23.9,24.9,25.102669,25.689768
3/17/2023,Basco,24.9,24.3,25.8075,26.157265
3/18/2023,Basco,24.3,29,25.013668,25.86833
3/19/2023,Basco,29,29,25.621843,26.246248
3/20/2023,Basco,29,31.2,27.802975,27.205074
3/21/2023,Basco,31.2,32.1,28.113852,26.73975
3/22/2023,Basco,32.1,32.7,29.664696,27.33323
3/23/2023,Basco,32.7,29.1,29.917788,27.461931
3/24/2023,Basco,29.1,31.8,31.315538,30.071777
3/25/2023,Basco,31.8,22.6,30.432959,29.372019
3/26/2023,Basco,22.6,25,25.31664,26.7157
3/27/2023,Basco,25,27.2,25.060022,26.380718
3/28/2023,Basco,27.2,31.6,26.275331,26.583902
3/29/2023,Basco,31.6,28.7,28.824583,28.13298
3/30/2023,Basco,28.7,28,28.726343,28.368809
3/31/2023,Basco,28,27.4,27.8924,27.426712
4/1/2023,Basco,27.4,25.3,28.578472,28.782084
4/2/2023,Basco,25.3,26.6,26.75663,27.719673
4/3/2023,Basco,26.6,28.9,26.69146,27.357504
4/4/2023,Basco,28.9,29.7,27.743568,28.847857
4/5/2023,Basco,29.7,31.6,28.965025,29.072563
4/6/2023,Basco,31.6,22.2,29.285307,29.4213
4/7/2023,Basco,22.2,23.4,26.34576,27.953087
4/8/2023,Basco,23.4,25.3,23.996136,26.35676
4/9/2023,Basco,25.3,26.2,24.266064,26.644674
4/10/2023,Basco,26.2,29,26.072018,27.428152
4/11/2023,Basco,29,27,27.776274,28.758986
4/12/2023,Basco,27,30.9,28.156916,29.134138
4/13/2023,Basco,30.9,33,29.33571,29.904491
4/14/2023,Basco,33,29.3,32.022667,31.346699
4/15/2023,Basco,29.3,29.3,28.062456,28.228205
4/16/2023,Basco,29.3,31.6,29.914846,30.53827
4/17/2023,Basco,31.6,34.6,30.368368,30.588942
4/18/2023,Basco,34.6,34.1,33.14439,30.992678
4/19/2023,Basco,34.1,33,33.50344,31.6804
4/20/2023,Basco,33,28,33.799603,33.164055
4/21/2023,Basco,28,27.6,29.816055,30.747173
4/22/2023,Basco,27.6,28,29.258486,30.729586
4/23/2023,Basco,28,27.7,28.889006,30.339602
4/24/2023,Basco,27.7,27.4,28.844929,30.607826
4/25/2023,Basco,27.4,28.3,28.917097,30.567932
4/26/2023,Basco,28.3,30.5,29.18705,31.064493
4/27/2023,Basco,30.5,34,29.789885,30.952927
4/28/2023,Basco,34,33.7,30.981987,31.426966
4/29/2023,Basco,33.7,26.1,33.240833,33.11037
4/30/2023,Basco,26.1,30.3,32.688595,33.264656
5/1/2023,Basco,30.3,31.6,29.019247,31.479828
5/2/2023,Basco,31.6,32.2,32.18647,32.687805
5/3/2023,Basco,32.2,34.1,33.108875,33.599293
5/4/2023,Basco,34.1,35.3,31.074657,32.577587
5/5/2023,Basco,35.3,38.3,34.70938,34.06917
5/6/2023,Basco,38.3,32.1,35.09011,34.93378
5/7/2023,Basco,32.1,26.9,35.955067,34.771507
5/8/2023,Basco,26.9,25.7,29.764917,31.332445
5/9/2023,Basco,25.7,29.2,28.455656,29.994953
5/10/2023,Basco,29.2,27.6,28.307117,29.899414
5/11/2023,Basco,27.6,29.1,29.0621,30.29178
5/12/2023,Basco,29.1,35.5,29.575264,31.649471
5/13/2023,Basco,35.5,23.2,31.402721,31.549711
5/14/2023,Basco,23.2,26.1,31.380968,30.878147
5/15/2023,Basco,26.1,37.4,29.48567,31.144634
5/16/2023,Basco,37.4,37.1,31.149303,31.91943
5/17/2023,Basco,37.1,37.2,35.013474,34.35686
5/18/2023,Basco,37.2,36.5,37.40992,37.39221
5/19/2023,Basco,36.5,38.5,36.528046,36.55254
5/20/2023,Basco,38.5,38.3,36.995136,36.301357
5/21/2023,Basco,38.3,32.8,38.12668,37.318214
5/22/2023,Basco,32.8,31.8,37.675648,36.552628
5/23/2023,Basco,31.8,35.4,29.325407,31.13745
5/24/2023,Basco,35.4,30.8,32.98225,32.685432
5/25/2023,Basco,30.8,32.1,34.156048,33.94546
5/26/2023,Basco,32.1,32,32.01597,32.897045
5/27/2023,Basco,32,30.6,32.645515,33.76779
5/28/2023,Basco,30.6,29.2,32.35621,33.169193
5/29/2023,Basco,29.2,31.2,31.713758,32.330585
5/30/2023,Basco,31.2,32.7,31.302748,32.40757
5/31/2023,Basco,32.7,38.8,31.667503,31.93128
3/1/2023,Calapan,30.3,30.7,34.547783,34.753906
3/2/2023,Calapan,30.7,31.8,32.294304,33.549675
3/3/2023,Calapan,31.8,30,32.267258,33.56229
3/4/2023,Calapan,30,33,32.83842,34.15601
3/5/2023,Calapan,33,33.7,32.360573,33.642498
3/6/2023,Calapan,33.7,34,33.119003,34.164494
3/7/2023,Calapan,34,32.5,33.87912,34.783966
3/8/2023,Calapan,32.5,33.8,34.65449,34.83689
3/9/2023,Calapan,33.8,30.8,33.787724,34.288982
3/10/2023,Calapan,30.8,30.3,33.630936,33.816654
3/11/2023,Calapan,30.3,31.9,32.73126,33.58762
3/12/2023,Calapan,31.9,31.9,32.622482,33.307995
3/13/2023,Calapan,31.9,33.4,32.390305,33.245182
3/14/2023,Calapan,33.4,34.1,33.506424,33.633606
3/15/2023,Calapan,34.1,33.5,34.391598,33.95673
3/16/2023,Calapan,33.5,32,34.706272,34.149593
3/17/2023,Calapan,32,32.9,33.904415,33.92231
3/18/2023,Calapan,32.9,32.7,34.245193,34.06515
3/19/2023,Calapan,32.7,31.8,33.192253,33.731426
3/20/2023,Calapan,31.8,34.1,34.164898,34.183353
3/21/2023,Calapan,34.1,34.8,33.111546,33.546963
3/22/2023,Calapan,34.8,37.1,34.34485,34.25385
3/23/2023,Calapan,37.1,37.7,35.33919,35.03111
3/24/2023,Calapan,37.7,38,36.85174,36.118073
3/25/2023,Calapan,38,37.7,37.536877,36.46066
3/26/2023,Calapan,37.7,35.5,37.681347,36.70372
3/27/2023,Calapan,35.5,35.7,37.240765,36.503704
3/28/2023,Calapan,35.7,35,36.727047,36.136066
3/29/2023,Calapan,35,36.9,36.808365,36.315308
3/30/2023,Calapan,36.9,37.7,36.511536,36.319576
3/31/2023,Calapan,37.7,38.5,37.497627,36.652576
4/1/2023,Calapan,38.5,36.8,37.41046,37.15061
4/2/2023,Calapan,36.8,35.5,38.305275,37.722027
4/3/2023,Calapan,35.5,35,38.159706,37.72317
4/4/2023,Calapan,35,35,36.93939,37.228024
4/5/2023,Calapan,35,36,36.10765,36.734158
4/6/2023,Calapan,36,36.8,37.087444,37.017982
4/7/2023,Calapan,36.8,32.6,37.56313,37.305878
4/8/2023,Calapan,32.6,36.1,37.67881,37.337658
4/9/2023,Calapan,36.1,34.8,36.564014,36.97465
4/10/2023,Calapan,34.8,28.8,37.10183,36.864662
4/11/2023,Calapan,28.8,31.6,36.254128,36.846313
4/12/2023,Calapan,31.6,36,34.88464,36.98803
4/13/2023,Calapan,36,38.3,36.3161,37.104145
4/14/2023,Calapan,38.3,39.3,37.81512,37.427853
4/15/2023,Calapan,39.3,39.6,38.375534,37.79517
4/16/2023,Calapan,39.6,39.6,38.660625,38.253716
4/17/2023,Calapan,39.6,39.5,38.424515,38.61162
4/18/2023,Calapan,39.5,39.1,39.1921,38.7954
4/19/2023,Calapan,39.1,40.6,39.216652,38.74732
4/20/2023,Calapan,40.6,39.6,39.35714,39.075726
4/21/2023,Calapan,39.6,40.1,40.175648,39.54468
4/22/2023,Calapan,40.1,39.4,39.953983,39.153297
4/23/2023,Calapan,39.4,36.7,39.962444,39.251225
4/24/2023,Calapan,36.7,37.4,38.932564,39.031574
4/25/2023,Calapan,37.4,38.5,38.096096,38.6887
4/26/2023,Calapan,38.5,38.9,39.121056,39.158722
4/27/2023,Calapan,38.9,39.4,38.643772,38.708492
4/28/2023,Calapan,39.4,40.3,38.77429,38.87043
4/29/2023,Calapan,40.3,40.3,39.14412,38.90293
4/30/2023,Calapan,40.3,40.3,40.38864,39.278595
5/1/2023,Calapan,40.3,38.3,40.010994,39.64153
5/2/2023,Calapan,38.3,39.1,40.094475,40.02001
5/3/2023,Calapan,39.1,36.9,38.32395,39.20976
5/4/2023,Calapan,36.9,40.6,39.185795,39.220676
5/5/2023,Calapan,40.6,41.5,38.852962,39.103756
5/6/2023,Calapan,41.5,42.9,40.20394,39.851192
5/7/2023,Calapan,42.9,42.4,40.958073,40.105827
5/8/2023,Calapan,42.4,40.8,41.5915,40.67432
5/9/2023,Calapan,40.8,40.9,41.51665,40.985577
5/10/2023,Calapan,40.9,39.7,41.049126,40.6586
5/11/2023,Calapan,39.7,39.8,40.58284,40.65748
5/12/2023,Calapan,39.8,41.2,40.525173,40.43392
5/13/2023,Calapan,41.2,41.2,40.86551,40.68374
5/14/2023,Calapan,41.2,42.8,41.564804,41.185326
5/15/2023,Calapan,42.8,43.6,41.200714,40.736053
5/16/2023,Calapan,43.6,47.3,41.974808,41.531597
5/17/2023,Calapan,47.3,45.2,42.38235,41.932663
5/18/2023,Calapan,45.2,38.3,43.19552,42.335598
5/19/2023,Calapan,38.3,40.8,42.526913,42.48361
5/20/2023,Calapan,40.8,41.2,39.441605,40.54609
5/21/2023,Calapan,41.2,43.9,41.1386,41.150894
5/22/2023,Calapan,43.9,41.7,41.885704,41.77645
5/23/2023,Calapan,41.7,41.2,42.359386,42.09294
5/24/2023,Calapan,41.2,41.9,42.161076,41.587807
5/25/2023,Calapan,41.9,38.5,41.360943,41.14699
5/26/2023,Calapan,38.5,43.5,40.84183,41.40828
5/27/2023,Calapan,43.5,42.2,40.861286,40.92038
5/28/2023,Calapan,42.2,36,42.530056,42.192005
5/29/2023,Calapan,36,36.4,41.285812,41.201725
5/30/2023,Calapan,36.4,40.4,38.3064,39.74974
5/31/2023,Calapan,40.4,43.2,38.864727,39.20669
3/1/2023,Clark,33,30.1,33.987366,34.317772
3/2/2023,Clark,30.1,31.9,32.843323,33.40009
3/3/2023,Clark,31.9,31.4,31.657541,32.636673
3/4/2023,Clark,31.4,31.1,32.50471,33.00568
3/5/2023,Clark,31.1,32.2,32.02225,32.957726
3/6/2023,Clark,32.2,33.2,32.114517,32.895447
3/7/2023,Clark,33.2,33.9,32.841713,33.273
3/8/2023,Clark,33.9,32.2,33.364586,33.505444
3/9/2023,Clark,32.2,31.8,34.45658,34.291615
3/10/2023,Clark,31.8,32.3,32.15119,32.91725
3/11/2023,Clark,32.3,32.2,32.42778,33.035168
3/12/2023,Clark,32.2,33.4,33.024673,33.63156
3/13/2023,Clark,33.4,34.3,32.38232,32.78604
3/14/2023,Clark,34.3,34.7,33.13516,33.43658
3/15/2023,Clark,34.7,36.6,34.174103,34.12515
3/16/2023,Clark,36.6,36.4,34.45534,34.27268
3/17/2023,Clark,36.4,34.4,35.12388,34.794964
3/18/2023,Clark,34.4,35.1,36.426952,35.692726
3/19/2023,Clark,35.1,37.4,34.66179,34.54254
3/20/2023,Clark,37.4,36,34.987133,34.570065
3/21/2023,Clark,36,38,35.864944,35.56395
3/22/2023,Clark,38,39.2,36.277065,35.631863
3/23/2023,Clark,39.2,36.9,36.07614,35.440876
3/24/2023,Clark,36.9,39.4,36.91924,36.278194
3/25/2023,Clark,39.4,37.7,37.218803,36.329967
3/26/2023,Clark,37.7,37.8,37.326256,36.744694
3/27/2023,Clark,37.8,35.5,37.273613,36.692554
3/28/2023,Clark,35.5,39.2,37.542824,37.192806
3/29/2023,Clark,39.2,38.5,36.200653,36.68194
3/30/2023,Clark,38.5,38.1,37.371044,37.111824
3/31/2023,Clark,38.1,39.2,37.7388,37.29704
4/1/2023,Clark,39.2,38,38.16947,38.1027
4/2/2023,Clark,38,36.9,37.96247,38.31726
4/3/2023,Clark,36.9,35.7,38.29043,37.803623
4/4/2023,Clark,35.7,37,37.324047,37.748024
4/5/2023,Clark,37,39,36.983772,37.65766
4/6/2023,Clark,39,36.8,37.861565,37.984173
4/7/2023,Clark,36.8,36.5,37.866886,37.88036
4/8/2023,Clark,36.5,36.1,37.554756,37.733044
4/9/2023,Clark,36.1,37.4,37.612225,37.888615
4/10/2023,Clark,37.4,36.6,37.48552,37.600475
4/11/2023,Clark,36.6,36,37.84417,37.862026
4/12/2023,Clark,36,35.4,37.644146,37.694954
4/13/2023,Clark,35.4,37.2,37.196037,37.38493
4/14/2023,Clark,37.2,39.2,37.38826,37.748714
4/15/2023,Clark,39.2,40.5,37.130657,37.636055
4/16/2023,Clark,40.5,40.7,38.845646,38.524033
4/17/2023,Clark,40.7,39.6,39.026043,39.100956
4/18/2023,Clark,39.6,38.5,39.406246,39.343925
4/19/2023,Clark,38.5,41.3,39.34436,39.255722
4/20/2023,Clark,41.3,41.7,39.224648,39.211143
4/21/2023,Clark,41.7,40.1,39.49342,39.402924
4/22/2023,Clark,40.1,40.2,39.536514,39.578148
4/23/2023,Clark,40.2,39.5,39.834255,39.576393
4/24/2023,Clark,39.5,38.5,38.860245,39.16178
4/25/2023,Clark,38.5,39.3,39.49352,39.559822
4/26/2023,Clark,39.3,38.8,39.11193,39.22403
4/27/2023,Clark,38.8,40.8,39.096466,39.31405
4/28/2023,Clark,40.8,42.7,39.20532,39.18741
4/29/2023,Clark,42.7,42.3,39.789986,39.74676
4/30/2023,Clark,42.3,38.5,40.28186,40.346577
5/1/2023,Clark,38.5,37.6,39.880825,39.89079
5/2/2023,Clark,37.6,36.8,39.29858,39.733356
5/3/2023,Clark,36.8,39.2,39.150795,39.633247
5/4/2023,Clark,39.2,40.1,38.71967,39.014957
5/5/2023,Clark,40.1,40.1,39.161472,39.23702
5/6/2023,Clark,40.1,42.4,39.82217,39.53203
5/7/2023,Clark,42.4,41.4,39.876987,39.59933
5/8/2023,Clark,41.4,42.3,40.380306,40.007008
5/9/2023,Clark,42.3,43.3,40.866962,40.59561
5/10/2023,Clark,43.3,38.4,39.69941,39.947765
5/11/2023,Clark,38.4,39.7,40.832108,40.862255
5/12/2023,Clark,39.7,38.4,39.733906,39.93899
5/13/2023,Clark,38.4,43.2,40.33629,40.12465
5/14/2023,Clark,43.2,39.8,39.712986,39.397285
5/15/2023,Clark,39.8,40.2,40.35953,40.146294
5/16/2023,Clark,40.2,42.7,39.79938,39.73502
5/17/2023,Clark,42.7,41.6,40.170036,39.790897
5/18/2023,Clark,41.6,39,40.465897,40.455116
5/19/2023,Clark,39,42.3,40.1314,39.94734
5/20/2023,Clark,42.3,41.4,39.39679,39.795418
5/21/2023,Clark,41.4,41.1,40.655033,40.155212
5/22/2023,Clark,41.1,41.7,40.660686,40.53827
5/23/2023,Clark,41.7,42,40.80079,40.46745
5/24/2023,Clark,42,41.1,40.725002,40.427647
5/25/2023,Clark,41.1,38.8,41.133995,40.564934
5/26/2023,Clark,38.8,41.9,40.51706,40.437298
5/27/2023,Clark,41.9,45.4,40.010555,40.231564
5/28/2023,Clark,45.4,39,40.20675,40.318478
5/29/2023,Clark,39,41.1,41.154636,40.69977
5/30/2023,Clark,41.1,41,40.18801,40.288982
5/31/2023,Clark,41,41.7,39.771835,39.81737
3/1/2023,Daet,29.2,28.9,34.052677,33.307636
3/2/2023,Daet,28.9,29.3,31.488356,30.891003
3/3/2023,Daet,29.3,26.9,30.74859,30.777626
3/4/2023,Daet,26.9,28.4,30.478819,30.892477
3/5/2023,Daet,28.4,28.3,28.702848,29.748478
3/6/2023,Daet,28.3,32.3,30.548166,30.890215
3/7/2023,Daet,32.3,31.4,31.241371,31.299948
3/8/2023,Daet,31.4,30.8,32.520374,32.64898
3/9/2023,Daet,30.8,30.8,32.305088,32.28873
3/10/2023,Daet,30.8,31.1,32.451393,32.45718
3/11/2023,Daet,31.1,31.4,32.423386,32.47493
3/12/2023,Daet,31.4,31.3,31.858204,32.12402
3/13/2023,Daet,31.3,33.3,32.490425,32.73396
3/14/2023,Daet,33.3,33.9,33.14484,33.13417
3/15/2023,Daet,33.9,29.9,33.57722,33.222466
3/16/2023,Daet,29.9,33.6,33.394073,33.126537
3/17/2023,Daet,33.6,31.7,32.63598,32.019154
3/18/2023,Daet,31.7,31.5,34.45223,33.538586
3/19/2023,Daet,31.5,32.4,32.780033,32.606686
3/20/2023,Daet,32.4,36.2,31.540056,31.660011
3/21/2023,Daet,36.2,35.5,33.780067,33.163208
3/22/2023,Daet,35.5,36.4,35.55972,34.878757
3/23/2023,Daet,36.4,36.8,36.46862,35.429424
3/24/2023,Daet,36.8,35.8,37.37776,36.33484
3/25/2023,Daet,35.8,35.5,36.839428,35.314972
3/26/2023,Daet,35.5,35.8,36.672993,35.32322
3/27/2023,Daet,35.8,34.8,36.388924,35.523266
3/28/2023,Daet,34.8,36,36.528408,35.24057
3/29/2023,Daet,36,37.1,36.30421,35.23547
3/30/2023,Daet,37.1,36.3,36.762817,35.761032
3/31/2023,Daet,36.3,35.4,37.402046,36.159927
4/1/2023,Daet,35.4,34.6,36.649635,35.35839
4/2/2023,Daet,34.6,32.1,35.94601,35.1946
4/3/2023,Daet,32.1,32.1,36.47158,35.426857
4/4/2023,Daet,32.1,32.9,34.40207,34.600967
4/5/2023,Daet,32.9,33,34.242046,34.617653
4/6/2023,Daet,33,34.1,34.153732,34.914017
4/7/2023,Daet,34.1,34.6,34.99285,35.37537
4/8/2023,Daet,34.6,34.6,35.97125,35.953907
4/9/2023,Daet,34.6,31,35.340134,35.651535
4/10/2023,Daet,31,30.4,35.547993,36.074966
4/11/2023,Daet,30.4,34.3,33.387672,33.873703
4/12/2023,Daet,34.3,37.4,35.1229,35.90481
4/13/2023,Daet,37.4,39.4,37.028225,36.701767
4/14/2023,Daet,39.4,38.9,38.030125,37.555157
4/15/2023,Daet,38.9,37.1,38.884678,38.661213
4/16/2023,Daet,37.1,39.2,38.880802,38.602833
4/17/2023,Daet,39.2,38,38.578575,38.31877
4/18/2023,Daet,38,40.1,38.846622,39.03471
4/19/2023,Daet,40.1,40.1,39.3467,39.465527
4/20/2023,Daet,40.1,39.8,40.43093,40.11688
4/21/2023,Daet,39.8,40.4,40.4152,40.430317
4/22/2023,Daet,40.4,37.1,41.048767,40.598167
4/23/2023,Daet,37.1,36.1,39.78476,40.037487
4/24/2023,Daet,36.1,37.4,39.352657,39.846016
4/25/2023,Daet,37.4,37.3,38.017544,39.441776
4/26/2023,Daet,37.3,39.6,39.558216,39.812424
4/27/2023,Daet,39.6,40.8,39.709103,39.868973
4/28/2023,Daet,40.8,40.2,40.18786,40.47264
4/29/2023,Daet,40.2,41.3,39.60825,39.784
4/30/2023,Daet,41.3,41.4,41.171955,40.506527
5/1/2023,Daet,41.4,32.2,41.665516,41.403458
5/2/2023,Daet,32.2,38.9,40.658104,41.220695
5/3/2023,Daet,38.9,39.6,38.436264,40.067055
5/4/2023,Daet,39.6,40.8,40.895634,40.27581
5/5/2023,Daet,40.8,42.7,41.2298,41.187687
5/6/2023,Daet,42.7,43.1,41.4865,41.62351
5/7/2023,Daet,43.1,40,41.954716,41.703293
5/8/2023,Daet,40,41,42.4786,42.23199
5/9/2023,Daet,41,39.6,42.045383,42.146603
5/10/2023,Daet,39.6,39.4,41.859394,42.197704
5/11/2023,Daet,39.4,37.3,41.460873,42.098457
5/12/2023,Daet,37.3,39.6,40.59346,41.454407
5/13/2023,Daet,39.6,38.5,41.10514,41.486523
5/14/2023,Daet,38.5,45.7,42.020313,41.766823
5/15/2023,Daet,45.7,40.2,41.459347,41.87854
5/16/2023,Daet,40.2,41.7,44.51303,43.484276
5/17/2023,Daet,41.7,42.1,42.158836,42.44171
5/18/2023,Daet,42.1,38.9,41.836517,41.94816
5/19/2023,Daet,38.9,41,43.194675,42.786118
5/20/2023,Daet,41,40.4,41.229237,41.967705
5/21/2023,Daet,40.4,43.2,42.45034,42.554455
5/22/2023,Daet,43.2,42.4,43.066772,42.280632
5/23/2023,Daet,42.4,41,43.139538,43.605515
5/24/2023,Daet,41,39.8,43.79514,43.554733
5/25/2023,Daet,39.8,38.2,42.974056,42.845062
5/26/2023,Daet,38.2,40.3,40.93588,41.93443
5/27/2023,Daet,40.3,43.3,40.793373,41.827682
5/28/2023,Daet,43.3,38.7,43.55747,43.943466
5/29/2023,Daet,38.7,39.7,44.971317,45.06859
5/30/2023,Daet,39.7,45,42.003517,42.636063
5/31/2023,Daet,45,48,42.888226,42.12802
3/1/2023,Dagupan,36.5,32.8,34.87229,35.673527
3/2/2023,Dagupan,32.8,33.1,35.36152,36.311928
3/3/2023,Dagupan,33.1,32.6,34.301228,35.316986
3/4/2023,Dagupan,32.6,33.7,34.02983,35.10033
3/5/2023,Dagupan,33.7,34.3,34.52971,35.326717
3/6/2023,Dagupan,34.3,33.8,34.41948,35.34996
3/7/2023,Dagupan,33.8,34.3,34.193146,34.9898
3/8/2023,Dagupan,34.3,36.6,34.567986,35.473618
3/9/2023,Dagupan,36.6,35.3,35.289867,35.976482
3/10/2023,Dagupan,35.3,34.1,36.674847,36.935226
3/11/2023,Dagupan,34.1,34.7,35.93603,36.24906
3/12/2023,Dagupan,34.7,34,35.523003,36.47766
3/13/2023,Dagupan,34,35.3,34.63323,35.53662
3/14/2023,Dagupan,35.3,38.2,34.892952,35.874355
3/15/2023,Dagupan,38.2,37.3,36.612457,36.77659
3/16/2023,Dagupan,37.3,37.7,37.81218,37.766754
3/17/2023,Dagupan,37.7,37.3,37.994118,38.24028
3/18/2023,Dagupan,37.3,37.5,38.261223,38.25205
3/19/2023,Dagupan,37.5,37.9,37.96463,37.89119
3/20/2023,Dagupan,37.9,40.5,37.3601,37.820446
3/21/2023,Dagupan,40.5,38.7,38.059223,38.30168
3/22/2023,Dagupan,38.7,40,39.42013,38.87444
3/23/2023,Dagupan,40,41.1,39.195663,39.599533
3/24/2023,Dagupan,41.1,41.6,40.36577,40.399952
3/25/2023,Dagupan,41.6,40.1,41.46484,40.727127
3/26/2023,Dagupan,40.1,39,40.532185,40.790302
3/27/2023,Dagupan,39,42.1,41.351326,40.771442
3/28/2023,Dagupan,42.1,35.9,39.96676,40.336494
3/29/2023,Dagupan,35.9,41.6,40.81262,40.98524
3/30/2023,Dagupan,41.6,41.1,39.03408,39.61573
3/31/2023,Dagupan,41.1,38.7,41.09875,40.18725
4/1/2023,Dagupan,38.7,39.3,41.00668,40.920307
4/2/2023,Dagupan,39.3,40.7,39.78803,39.760803
4/3/2023,Dagupan,40.7,37.6,41.109158,40.84005
4/4/2023,Dagupan,37.6,39.5,40.429565,40.59024
4/5/2023,Dagupan,39.5,36.7,40.26674,40.510544
4/6/2023,Dagupan,36.7,38.3,40.83376,41.173668
4/7/2023,Dagupan,38.3,37.6,38.396614,40.023125
4/8/2023,Dagupan,37.6,37.9,40.35901,40.434265
4/9/2023,Dagupan,37.9,39.8,39.72377,39.924572
4/10/2023,Dagupan,39.8,39.6,39.96803,40.3797
4/11/2023,Dagupan,39.6,39.4,41.07842,40.740246
4/12/2023,Dagupan,39.4,38.7,40.98822,40.847843
4/13/2023,Dagupan,38.7,40.1,39.522522,39.69644
4/14/2023,Dagupan,40.1,37.4,40.338642,40.5511
4/15/2023,Dagupan,37.4,43.5,41.21721,41.18086
4/16/2023,Dagupan,43.5,40.1,40.09013,40.46498
4/17/2023,Dagupan,40.1,45.6,42.461857,42.047928
4/18/2023,Dagupan,45.6,43.3,42.72102,42.81449
4/19/2023,Dagupan,43.3,42.6,44.41383,43.466557
4/20/2023,Dagupan,42.6,43.2,44.337322,43.59
4/21/2023,Dagupan,43.2,42.6,43.05704,43.04217
4/22/2023,Dagupan,42.6,43.3,43.836365,43.80026
4/23/2023,Dagupan,43.3,39.8,43.312466,43.471214
4/24/2023,Dagupan,39.8,43.5,43.94836,43.54832
4/25/2023,Dagupan,43.5,42.3,42.78774,42.732426
4/26/2023,Dagupan,42.3,41.5,42.922657,42.907944
4/27/2023,Dagupan,41.5,40.8,43.51691,43.491535
4/28/2023,Dagupan,40.8,43.6,43.31609,43.26558
4/29/2023,Dagupan,43.6,44.4,43.766712,44.413013
4/30/2023,Dagupan,44.4,43.7,43.149025,43.160862
5/1/2023,Dagupan,43.7,42.8,43.513134,43.754284
5/2/2023,Dagupan,42.8,43.3,43.69675,43.600243
5/3/2023,Dagupan,43.3,42.5,43.308823,43.421005
5/4/2023,Dagupan,42.5,42.3,43.313828,43.680492
5/5/2023,Dagupan,42.3,45.8,43.05484,43.109653
5/6/2023,Dagupan,45.8,42.4,44.15383,43.497738
5/7/2023,Dagupan,42.4,43.4,43.90495,43.81045
5/8/2023,Dagupan,43.4,44.2,42.668945,43.06546
5/9/2023,Dagupan,44.2,43.3,43.86497,43.375347
5/10/2023,Dagupan,43.3,44.4,43.823017,43.28134
5/11/2023,Dagupan,44.4,43,44.084282,44.077976
5/12/2023,Dagupan,43,42.5,43.44086,43.523586
5/13/2023,Dagupan,42.5,42.5,44.47031,43.545414
5/14/2023,Dagupan,42.5,42.5,44.200436,43.70184
5/15/2023,Dagupan,42.5,42.8,44.437096,43.786873
5/16/2023,Dagupan,42.8,42,43.788612,43.65279
5/17/2023,Dagupan,42,40.4,43.821293,43.604248
5/18/2023,Dagupan,40.4,40.4,43.945095,43.19542
5/19/2023,Dagupan,40.4,42.5,41.80865,42.519867
5/20/2023,Dagupan,42.5,43.4,41.421352,41.737194
5/21/2023,Dagupan,43.4,42.3,43.130104,42.694107
5/22/2023,Dagupan,42.3,42.6,43.132423,42.88282
5/23/2023,Dagupan,42.6,42.2,42.53022,42.2127
5/24/2023,Dagupan,42.2,44.5,43.12718,43.294018
5/25/2023,Dagupan,44.5,41.2,43.454323,43.315845
5/26/2023,Dagupan,41.2,39.6,44.0304,43.841908
5/27/2023,Dagupan,39.6,41,43.37421,43.748028
5/28/2023,Dagupan,41,45.4,42.721188,43.025536
5/29/2023,Dagupan,45.4,40.5,41.630737,42.289032
5/30/2023,Dagupan,40.5,46.9,43.179222,43.071194
5/31/2023,Dagupan,46.9,46.9,40.351845,40.774906
3/1/2023,Iba,32.8,32.7,34.79708,34.931435
3/2/2023,Iba,32.7,34.6,33.46482,34.25383
3/3/2023,Iba,34.6,32.3,32.797913,33.20688
3/4/2023,Iba,32.3,31.2,33.684505,34.329704
3/5/2023,Iba,31.2,32.3,33.0056,33.88259
3/6/2023,Iba,32.3,32.7,32.442856,33.25752
3/7/2023,Iba,32.7,32.8,33.05306,33.792343
3/8/2023,Iba,32.8,33,33.23035,34.157402
3/9/2023,Iba,33,32.7,33.120224,33.835106
3/10/2023,Iba,32.7,32.6,33.448692,34.242474
3/11/2023,Iba,32.6,32.4,34.16567,34.629803
3/12/2023,Iba,32.4,32.6,33.50409,33.887295
3/13/2023,Iba,32.6,33.7,33.55822,34.13914
3/14/2023,Iba,33.7,35.4,33.343864,33.8193
3/15/2023,Iba,35.4,34.1,33.700737,34.276733
3/16/2023,Iba,34.1,36,34.508915,34.50847
3/17/2023,Iba,36,35.2,34.482555,34.618675
3/18/2023,Iba,35.2,34.4,35.165936,34.964905
3/19/2023,Iba,34.4,36.3,34.711502,34.69286
3/20/2023,Iba,36.3,35.1,34.65175,34.86095
3/21/2023,Iba,35.1,36.2,35.26498,35.186867
3/22/2023,Iba,36.2,37.1,35.44974,35.423412
3/23/2023,Iba,37.1,41.2,35.701733,35.466557
3/24/2023,Iba,41.2,39.1,36.032288,35.870346
3/25/2023,Iba,39.1,39.1,36.94761,36.51125
3/26/2023,Iba,39.1,38.9,37.92544,37.37703
3/27/2023,Iba,38.9,36.7,37.817963,37.29739
3/28/2023,Iba,36.7,37.9,37.627422,36.938328
3/29/2023,Iba,37.9,38.9,37.403294,36.90963
3/30/2023,Iba,38.9,37.5,36.79175,36.42166
3/31/2023,Iba,37.5,38.8,38.001553,37.22415
4/1/2023,Iba,38.8,37.4,37.513393,37.041832
4/2/2023,Iba,37.4,37.2,37.778484,37.510536
4/3/2023,Iba,37.2,37.1,37.559208,37.313545
4/4/2023,Iba,37.1,38.3,37.614918,37.608894
4/5/2023,Iba,38.3,37.1,37.097446,37.30343
4/6/2023,Iba,37.1,35.8,37.607307,37.904045
4/7/2023,Iba,35.8,38.6,36.88591,37.433643
4/8/2023,Iba,38.6,35,36.86363,37.2237
4/9/2023,Iba,35,36.4,37.997074,38.194
4/10/2023,Iba,36.4,36.2,36.457863,37.12765
4/11/2023,Iba,36.2,35,37.158283,37.386158
4/12/2023,Iba,35,33.4,37.504932,37.667118
4/13/2023,Iba,33.4,35.6,35.771362,36.54215
4/14/2023,Iba,35.6,40.2,34.395367,35.915024
4/15/2023,Iba,40.2,40.1,36.157906,36.530163
4/16/2023,Iba,40.1,39.4,38.802975,38.648167
4/17/2023,Iba,39.4,38.7,38.991463,38.74475
4/18/2023,Iba,38.7,39.2,39.250618,39.02421
4/19/2023,Iba,39.2,42.5,38.87105,38.974545
4/20/2023,Iba,42.5,42.3,39.229614,39.280098
4/21/2023,Iba,42.3,41.5,40.78072,40.550747
4/22/2023,Iba,41.5,40.4,41.658554,40.675327
4/23/2023,Iba,40.4,38,40.97681,40.036537
4/24/2023,Iba,38,39.5,39.842438,39.48748
4/25/2023,Iba,39.5,39.8,39.82976,39.55018
4/26/2023,Iba,39.8,40.8,39.892902,39.93923
4/27/2023,Iba,40.8,40.6,40.18151,40.56519
4/28/2023,Iba,40.6,41.9,40.428852,40.687496
4/29/2023,Iba,41.9,41.9,40.494293,40.300583
4/30/2023,Iba,41.9,40.7,40.04734,40.63177
5/1/2023,Iba,40.7,40.5,41.18551,40.878746
5/2/2023,Iba,40.5,40.2,40.11951,40.20958
5/3/2023,Iba,40.2,42.1,40.133556,40.02129
5/4/2023,Iba,42.1,43.1,41.469456,41.090107
5/5/2023,Iba,43.1,41.7,41.07931,41.210762
5/6/2023,Iba,41.7,41.4,41.676754,41.32617
5/7/2023,Iba,41.4,42,41.69319,41.45263
5/8/2023,Iba,42,40.4,41.21845,41.32314
5/9/2023,Iba,40.4,42.9,41.672203,41.341923
5/10/2023,Iba,42.9,41.6,40.60483,41.030766
5/11/2023,Iba,41.6,42.2,41.551453,41.367397
5/12/2023,Iba,42.2,40.4,40.965,40.331493
5/13/2023,Iba,40.4,43.3,40.79369,40.956066
5/14/2023,Iba,43.3,40.2,39.61832,39.535275
5/15/2023,Iba,40.2,44.2,41.49659,41.840473
5/16/2023,Iba,44.2,40.3,39.734318,40.331158
5/17/2023,Iba,40.3,41.3,41.900806,41.79447
5/18/2023,Iba,41.3,41.3,40.841385,41.206554
5/19/2023,Iba,41.3,41.9,41.914482,41.86117
5/20/2023,Iba,41.9,40.3,40.487827,40.676807
5/21/2023,Iba,40.3,40.4,41.440033,40.999958
5/22/2023,Iba,40.4,42.2,39.360123,39.810257
5/23/2023,Iba,42.2,42.7,39.957886,40.296154
5/24/2023,Iba,42.7,39.8,40.884144,41.00574
5/25/2023,Iba,39.8,42.7,41.293976,41.464787
5/26/2023,Iba,42.7,43.3,40.417297,40.750126
5/27/2023,Iba,43.3,43.1,40.223972,39.932777
5/28/2023,Iba,43.1,42.4,41.833164,41.320126
5/29/2023,Iba,42.4,47.3,41.0192,41.365993
5/30/2023,Iba,47.3,41,41.655655,41.90385
5/31/2023,Iba,41,40.2,41.18461,41.038475
3/1/2023,Infanta,28.3,29.5,31.313177,31.935322
3/2/2023,Infanta,29.5,30.4,29.871353,30.878561
3/3/2023,Infanta,30.4,28.3,29.93115,31.546623
3/4/2023,Infanta,28.3,29.7,30.77321,31.772474
3/5/2023,Infanta,29.7,29.9,29.735695,30.7849
3/6/2023,Infanta,29.9,29.9,30.232733,31.588806
3/7/2023,Infanta,29.9,31,31.263893,31.763805
3/8/2023,Infanta,31,26.4,30.507467,31.32571
3/9/2023,Infanta,26.4,27.8,31.279991,31.630394
3/10/2023,Infanta,27.8,30.3,30.154205,31.187136
3/11/2023,Infanta,30.3,27.3,30.258,32.0053
3/12/2023,Infanta,27.3,30.3,30.792969,31.649324
3/13/2023,Infanta,30.3,31.9,29.407873,30.798319
3/14/2023,Infanta,31.9,31.6,31.147392,31.629116
3/15/2023,Infanta,31.6,28.8,32.814713,32.355904
3/16/2023,Infanta,28.8,31.9,31.922764,32.158764
3/17/2023,Infanta,31.9,33.9,32.07595,32.269245
3/18/2023,Infanta,33.9,34.8,32.614246,32.286533
3/19/2023,Infanta,34.8,33.8,33.468555,32.731884
3/20/2023,Infanta,33.8,34,34.21145,33.29993
3/21/2023,Infanta,34,37.9,34.205833,33.27423
3/22/2023,Infanta,37.9,36.3,35.01414,34.408268
3/23/2023,Infanta,36.3,37.7,36.741722,35.649944
3/24/2023,Infanta,37.7,36.9,35.954227,35.905
3/25/2023,Infanta,36.9,36.5,37.064995,36.135967
3/26/2023,Infanta,36.5,37.1,37.03659,36.135075
3/27/2023,Infanta,37.1,36,35.802135,35.383816
3/28/2023,Infanta,36,35.6,36.94587,36.10878
3/29/2023,Infanta,35.6,35.2,36.7297,36.236237
3/30/2023,Infanta,35.2,36.3,36.37423,35.80056
3/31/2023,Infanta,36.3,38,36.40936,36.083736
4/1/2023,Infanta,38,33.6,37.012417,36.169975
4/2/2023,Infanta,33.6,33.7,38.00425,37.27652
4/3/2023,Infanta,33.7,31.4,36.09378,36.220303
4/4/2023,Infanta,31.4,34.6,35.77468,36.299973
4/5/2023,Infanta,34.6,34.8,35.23722,35.92482
4/6/2023,Infanta,34.8,35,36.3768,36.27017
4/7/2023,Infanta,35,30.9,36.83091,36.95869
4/8/2023,Infanta,30.9,34.8,36.256107,36.432125
4/9/2023,Infanta,34.8,33.8,34.63746,35.79547
4/10/2023,Infanta,33.8,30.5,35.1825,35.9884
4/11/2023,Infanta,30.5,30.7,34.886448,35.472298
4/12/2023,Infanta,30.7,36.7,32.64452,35.06633
4/13/2023,Infanta,36.7,39.7,34.588486,35.51683
4/14/2023,Infanta,39.7,38.2,37.17493,37.15054
4/15/2023,Infanta,38.2,36.4,38.681282,38.668995
4/16/2023,Infanta,36.4,37.1,39.123894,38.621258
4/17/2023,Infanta,37.1,38.3,37.823154,38.05518
4/18/2023,Infanta,38.3,40.4,38.377163,38.545135
4/19/2023,Infanta,40.4,40.9,39.24576,39.013687
4/20/2023,Infanta,40.9,41.3,39.9763,39.83873
4/21/2023,Infanta,41.3,38.9,41.164753,40.493618
4/22/2023,Infanta,38.9,36.1,40.23556,40.26227
4/23/2023,Infanta,36.1,36,39.91594,40.134384
4/24/2023,Infanta,36,36.4,38.09389,39.281876
4/25/2023,Infanta,36.4,36,37.881054,39.097088
4/26/2023,Infanta,36,40.1,39.189064,39.538494
4/27/2023,Infanta,40.1,35.3,38.422276,38.988
4/28/2023,Infanta,35.3,39.6,39.141674,38.715717
4/29/2023,Infanta,39.6,40.9,36.370026,37.46219
4/30/2023,Infanta,40.9,39.6,39.29333,39.36955
5/1/2023,Infanta,39.6,38.6,40.07383,39.736755
5/2/2023,Infanta,38.6,36.9,39.272415,39.593548
5/3/2023,Infanta,36.9,39.7,38.575245,39.372894
5/4/2023,Infanta,39.7,38.9,38.767624,39.554337
5/5/2023,Infanta,38.9,43.4,39.35611,39.82512
5/6/2023,Infanta,43.4,41.7,40.177048,40.277126
5/7/2023,Infanta,41.7,39.8,41.778603,40.953045
5/8/2023,Infanta,39.8,35.3,41.64923,41.240265
5/9/2023,Infanta,35.3,33.8,40.61683,40.8785
5/10/2023,Infanta,33.8,36.6,36.821667,39.481842
5/11/2023,Infanta,36.6,37.1,38.273693,39.553562
5/12/2023,Infanta,37.1,39.2,38.725887,40.073364
5/13/2023,Infanta,39.2,39.6,40.213646,40.1222
5/14/2023,Infanta,39.6,44.6,39.984165,39.880905
5/15/2023,Infanta,44.6,41.7,40.681484,40.41413
5/16/2023,Infanta,41.7,43.5,42.872597,42.458126
5/17/2023,Infanta,43.5,43.4,42.728725,42.585175
5/18/2023,Infanta,43.4,39.6,42.742107,41.82314
5/19/2023,Infanta,39.6,39.8,43.16643,42.98497
5/20/2023,Infanta,39.8,45.6,40.106213,41.508667
5/21/2023,Infanta,45.6,41.6,41.834846,41.944237
5/22/2023,Infanta,41.6,40.9,43.765896,43.311188
5/23/2023,Infanta,40.9,40.6,42.385815,42.818348
5/24/2023,Infanta,40.6,41.9,42.397243,42.17713
5/25/2023,Infanta,41.9,39.7,41.117527,41.464493
5/26/2023,Infanta,39.7,40.3,42.31924,42.535072
5/27/2023,Infanta,40.3,46,40.443947,41.73227
5/28/2023,Infanta,46,43.6,41.734043,41.83631
5/29/2023,Infanta,43.6,40.8,42.97251,43.074142
5/30/2023,Infanta,40.8,42,42.156605,42.672165
5/31/2023,Infanta,42,46,39.57262,40.55876
3/1/2023,Laoag,33.7,32,33.338013,33.691986
3/2/2023,Laoag,32,31.2,34.146294,34.179382
3/3/2023,Laoag,31.2,30.8,32.61907,33.401627
3/4/2023,Laoag,30.8,30.4,31.578346,32.377377
3/5/2023,Laoag,30.4,29.9,31.640936,32.334743
3/6/2023,Laoag,29.9,31.3,31.663645,32.32171
3/7/2023,Laoag,31.3,30.9,31.245714,31.721083
3/8/2023,Laoag,30.9,33.7,32.182816,32.712345
3/9/2023,Laoag,33.7,31.5,31.631248,32.212646
3/10/2023,Laoag,31.5,31.9,32.979336,33.18236
3/11/2023,Laoag,31.9,31.9,31.96391,32.615288
3/12/2023,Laoag,31.9,32.8,32.763195,33.433235
3/13/2023,Laoag,32.8,32.3,32.02973,32.380383
3/14/2023,Laoag,32.3,35.9,32.850445,33.168827
3/15/2023,Laoag,35.9,35.3,33.142387,33.70029
3/16/2023,Laoag,35.3,34.6,34.94008,34.594704
3/17/2023,Laoag,34.6,36.4,34.31182,34.27417
3/18/2023,Laoag,36.4,34.8,34.73694,34.687733
3/19/2023,Laoag,34.8,33.3,35.495026,34.951473
3/20/2023,Laoag,33.3,34.5,34.61582,34.564644
3/21/2023,Laoag,34.5,36.4,33.458885,33.74269
3/22/2023,Laoag,36.4,38.4,34.62686,34.421146
3/23/2023,Laoag,38.4,38.7,36.124058,35.56096
3/24/2023,Laoag,38.7,37.8,37.269886,36.41747
3/25/2023,Laoag,37.8,36.1,37.2708,36.52227
3/26/2023,Laoag,36.1,36.9,36.770138,35.855232
3/27/2023,Laoag,36.9,38.8,36.810715,36.06666
3/28/2023,Laoag,38.8,37.8,35.92457,35.700607
3/29/2023,Laoag,37.8,38,37.719646,37.092354
3/30/2023,Laoag,38,38.2,37.89777,37.063606
3/31/2023,Laoag,38.2,34.8,37.041027,36.38654
4/1/2023,Laoag,34.8,35.8,36.656162,36.24771
4/2/2023,Laoag,35.8,36.6,35.541397,35.75083
4/3/2023,Laoag,36.6,36.1,36.454884,36.01501
4/4/2023,Laoag,36.1,38.3,36.964783,36.898487
4/5/2023,Laoag,38.3,34.6,36.28439,36.239456
4/6/2023,Laoag,34.6,36.8,36.84981,36.917805
4/7/2023,Laoag,36.8,36.4,35.92849,35.94277
4/8/2023,Laoag,36.4,34.4,36.786674,37.29584
4/9/2023,Laoag,34.4,34.4,36.04506,36.612442
4/10/2023,Laoag,34.4,39.1,36.038754,36.4658
4/11/2023,Laoag,39.1,41,35.789085,36.379383
4/12/2023,Laoag,41,41,39.191856,39.24823
4/13/2023,Laoag,41,39.4,40.163536,39.768814
4/14/2023,Laoag,39.4,38.2,40.194244,39.39464
4/15/2023,Laoag,38.2,40.7,39.675377,39.000813
4/16/2023,Laoag,40.7,39.5,38.55835,38.190956
4/17/2023,Laoag,39.5,40.2,39.569386,39.48725
4/18/2023,Laoag,40.2,40.5,40.04222,39.904766
4/19/2023,Laoag,40.5,39.8,40.269756,40.22799
4/20/2023,Laoag,39.8,40.6,40.737545,40.584976
4/21/2023,Laoag,40.6,37.7,39.947693,40.05625
4/22/2023,Laoag,37.7,37.2,40.316,40.341476
4/23/2023,Laoag,37.2,36.1,39.48984,39.848396
4/24/2023,Laoag,36.1,38.2,38.801826,39.728725
4/25/2023,Laoag,38.2,38,38.205578,38.927746
4/26/2023,Laoag,38,39.4,39.398594,39.565346
4/27/2023,Laoag,39.4,41.6,38.706333,39.035217
4/28/2023,Laoag,41.6,40.5,39.686527,39.342262
4/29/2023,Laoag,40.5,43.3,40.38406,40.099964
4/30/2023,Laoag,43.3,41.5,40.165848,40.059486
5/1/2023,Laoag,41.5,40.4,40.81372,40.843315
5/2/2023,Laoag,40.4,43.1,39.67589,39.76911
5/3/2023,Laoag,43.1,40.8,40.112125,40.41294
5/4/2023,Laoag,40.8,40.6,41.694958,41.604725
5/5/2023,Laoag,40.6,41.5,41.84368,41.259438
5/6/2023,Laoag,41.5,41.1,41.20067,41.58826
5/7/2023,Laoag,41.1,40.8,41.708973,41.2952
5/8/2023,Laoag,40.8,40.5,41.6411,41.38314
5/9/2023,Laoag,40.5,39.6,41.370564,41.02816
5/10/2023,Laoag,39.6,39.2,41.200848,41.41831
5/11/2023,Laoag,39.2,41.2,41.160435,41.06282
5/12/2023,Laoag,41.2,40.6,40.549957,40.839817
5/13/2023,Laoag,40.6,41.9,41.037506,41.19314
5/14/2023,Laoag,41.9,41.9,41.101864,41.073334
5/15/2023,Laoag,41.9,40.5,41.928074,41.20359
5/16/2023,Laoag,40.5,41.2,41.992687,41.450596
5/17/2023,Laoag,41.2,42.6,41.063625,40.78406
5/18/2023,Laoag,42.6,41.8,41.585888,41.223713
5/19/2023,Laoag,41.8,42.5,41.771027,41.889595
5/20/2023,Laoag,42.5,41.6,42.053738,41.813576
5/21/2023,Laoag,41.6,43.5,42.173237,41.815
5/22/2023,Laoag,43.5,42.7,41.182533,40.999687
5/23/2023,Laoag,42.7,43.9,41.66277,41.775208
5/24/2023,Laoag,43.9,43.3,41.951332,41.900864
5/25/2023,Laoag,43.3,40.1,42.539623,42.065327
5/26/2023,Laoag,40.1,38.7,42.211945,42.016415
5/27/2023,Laoag,38.7,41.2,41.13325,41.363464
5/28/2023,Laoag,41.2,40.3,40.615013,40.85657
5/29/2023,Laoag,40.3,39.8,40.207844,40.67993
5/30/2023,Laoag,39.8,42.4,39.71711,40.255295
5/31/2023,Laoag,42.4,42.9,39.50913,39.397785
3/1/2023,Legazpi,31,28.1,33.516544,34.015743
3/2/2023,Legazpi,28.1,33.9,31.838327,33.236214
3/3/2023,Legazpi,33.9,30.2,31.253521,32.742744
3/4/2023,Legazpi,30.2,33.2,33.03589,33.9806
3/5/2023,Legazpi,33.2,35.1,32.321167,33.131863
3/6/2023,Legazpi,35.1,33.9,33.057373,34.41622
3/7/2023,Legazpi,33.9,34.3,34.02388,34.50815
3/8/2023,Legazpi,34.3,32.3,34.432205,34.834457
3/9/2023,Legazpi,32.3,31.9,33.973015,34.648655
3/10/2023,Legazpi,31.9,34.3,32.389736,33.736618
3/11/2023,Legazpi,34.3,34.1,32.249863,32.714966
3/12/2023,Legazpi,34.1,32.8,33.60081,34.033047
3/13/2023,Legazpi,32.8,36.3,33.582657,34.101814
3/14/2023,Legazpi,36.3,34.2,34.57117,34.634144
3/15/2023,Legazpi,34.2,33.6,35.122337,34.7086
3/16/2023,Legazpi,33.6,36.3,33.92492,34.670322
3/17/2023,Legazpi,36.3,35.5,35.02634,35.35301
3/18/2023,Legazpi,35.5,32.6,36.10627,35.595093
3/19/2023,Legazpi,32.6,35,35.70605,35.276302
3/20/2023,Legazpi,35,38,33.92729,34.15071
3/21/2023,Legazpi,38,38.4,35.22309,35.21894
3/22/2023,Legazpi,38.4,39.7,36.895287,36.557423
3/23/2023,Legazpi,39.7,40.8,37.618496,37.140106
3/24/2023,Legazpi,40.8,37.1,37.962673,37.67711
3/25/2023,Legazpi,37.1,38.1,38.07628,37.49769
3/26/2023,Legazpi,38.1,38.2,37.025303,36.99168
3/27/2023,Legazpi,38.2,37.1,37.809994,37.32176
3/28/2023,Legazpi,37.1,36.5,37.71654,37.327106
3/29/2023,Legazpi,36.5,39.9,37.015713,37.08999
3/30/2023,Legazpi,39.9,40.4,37.015602,37.14613
3/31/2023,Legazpi,40.4,39.8,38.00094,37.44115
4/1/2023,Legazpi,39.8,37.8,38.172768,37.90186
4/2/2023,Legazpi,37.8,33.5,38.806362,38.321014
4/3/2023,Legazpi,33.5,32.9,38.425743,38.1251
4/4/2023,Legazpi,32.9,34.1,35.016903,36.04225
4/5/2023,Legazpi,34.1,36,34.92083,36.39641
4/6/2023,Legazpi,36,37.6,35.594658,36.526634
4/7/2023,Legazpi,37.6,36.5,37.652428,38.032516
4/8/2023,Legazpi,36.5,35.2,37.536457,37.49195
4/9/2023,Legazpi,35.2,31.3,37.273655,37.339684
4/10/2023,Legazpi,31.3,27.8,36.023293,36.942368
4/11/2023,Legazpi,27.8,35.8,34.98529,36.51526
4/12/2023,Legazpi,35.8,39.4,34.808674,37.07666
4/13/2023,Legazpi,39.4,42.8,37.409508,37.514484
4/14/2023,Legazpi,42.8,40.1,39.03171,38.759113
4/15/2023,Legazpi,40.1,38.2,40.37338,39.799484
4/16/2023,Legazpi,38.2,40.7,39.9248,39.44928
4/17/2023,Legazpi,40.7,40.5,39.258724,39.25
4/18/2023,Legazpi,40.5,40.6,39.529568,39.26354
4/19/2023,Legazpi,40.6,43.3,39.644913,39.765137
4/20/2023,Legazpi,43.3,41.5,40.717113,40.850834
4/21/2023,Legazpi,41.5,45.6,42.07362,41.255505
4/22/2023,Legazpi,45.6,39.5,41.24009,40.72793
4/23/2023,Legazpi,39.5,41.7,42.025997,41.658405
4/24/2023,Legazpi,41.7,45.3,40.819145,40.76369
4/25/2023,Legazpi,45.3,36.4,39.950844,40.478477
4/26/2023,Legazpi,36.4,44.2,42.285816,41.610622
4/27/2023,Legazpi,44.2,38.8,39.43526,39.982773
4/28/2023,Legazpi,38.8,42.7,40.986565,40.934853
4/29/2023,Legazpi,42.7,42.1,39.678097,40.035866
4/30/2023,Legazpi,42.1,40.4,40.996605,40.912094
5/1/2023,Legazpi,40.4,28.7,41.260136,41.710026
5/2/2023,Legazpi,28.7,37.4,40.2217,40.64124
5/3/2023,Legazpi,37.4,41.9,37.5821,39.8547
5/4/2023,Legazpi,41.9,42.3,39.25233,39.850216
5/5/2023,Legazpi,42.3,42.4,40.908253,41.58215
5/6/2023,Legazpi,42.4,42.6,41.804943,41.91953
5/7/2023,Legazpi,42.6,43.2,42.18341,42.257004
5/8/2023,Legazpi,43.2,43.4,42.220894,42.522274
5/9/2023,Legazpi,43.4,41,42.40287,42.1879
5/10/2023,Legazpi,41,49.8,42.688522,42.920372
5/11/2023,Legazpi,49.8,40.7,41.64676,42.064285
5/12/2023,Legazpi,40.7,42.8,43.497425,43.124092
5/13/2023,Legazpi,42.8,40,41.520866,41.72959
5/14/2023,Legazpi,40,38.9,42.997143,42.571552
5/15/2023,Legazpi,38.9,41.9,41.279755,41.543465
5/16/2023,Legazpi,41.9,47,41.133865,41.66312
5/17/2023,Legazpi,47,40.5,42.083664,42.544525
5/18/2023,Legazpi,40.5,42.4,43.734768,43.092495
5/19/2023,Legazpi,42.4,42.9,41.59667,42.209187
5/20/2023,Legazpi,42.9,42.1,41.868584,42.3096
5/21/2023,Legazpi,42.1,45.4,42.229404,42.62756
5/22/2023,Legazpi,45.4,41.8,42.92536,43.320915
5/23/2023,Legazpi,41.8,41,43.70503,43.41635
5/24/2023,Legazpi,41,42,42.682846,42.748493
5/25/2023,Legazpi,42,41.4,42.45593,42.21731
5/26/2023,Legazpi,41.4,38.4,41.731987,42.362656
5/27/2023,Legazpi,38.4,41.1,41.518684,41.637363
5/28/2023,Legazpi,41.1,37.1,40.961987,41.689182
5/29/2023,Legazpi,37.1,35.6,41.415287,41.6503
5/30/2023,Legazpi,35.6,39.1,39.798916,41.222076
5/31/2023,Legazpi,39.1,40.5,39.60095,40.983242
3/1/2023,NAIA,31.9,33.9,34.753426,34.720627
3/2/2023,NAIA,33.9,31.9,32.628017,33.62576
3/3/2023,NAIA,31.9,32.5,33.733105,34.251495
3/4/2023,NAIA,32.5,32.4,33.319115,33.98302
3/5/2023,NAIA,32.4,32.7,32.96556,33.65408
3/6/2023,NAIA,32.7,33.8,32.7908,33.423737
3/7/2023,NAIA,33.8,34.4,32.910156,33.78901
3/8/2023,NAIA,34.4,31.2,33.787693,34.253506
3/9/2023,NAIA,31.2,33,34.529167,35.025238
3/10/2023,NAIA,33,33,33.912987,34.3817
3/11/2023,NAIA,33,30,32.853756,33.765034
3/12/2023,NAIA,30,34,33.89082,34.347176
3/13/2023,NAIA,34,34.2,33.121387,34.386375
3/14/2023,NAIA,34.2,35.7,33.936535,34.457787
3/15/2023,NAIA,35.7,36.1,34.864006,35.32336
3/16/2023,NAIA,36.1,37,35.315323,35.72748
3/17/2023,NAIA,37,35.7,35.207012,35.483562
3/18/2023,NAIA,35.7,34.7,35.75393,35.596386
3/19/2023,NAIA,34.7,34.8,35.772873,35.5794
3/20/2023,NAIA,34.8,37.1,35.039814,35.35399
3/21/2023,NAIA,37.1,38.8,35.040455,35.11637
3/22/2023,NAIA,38.8,40.3,36.495975,36.288994
3/23/2023,NAIA,40.3,39.6,37.093174,36.530437
3/24/2023,NAIA,39.6,38.8,38.112377,37.3709
3/25/2023,NAIA,38.8,39.4,37.907185,37.64483
3/26/2023,NAIA,39.4,39.9,37.491356,37.196934
3/27/2023,NAIA,39.9,37.6,37.39191,36.978916
3/28/2023,NAIA,37.6,38.2,38.061703,37.71994
3/29/2023,NAIA,38.2,41.7,37.622684,37.405518
3/30/2023,NAIA,41.7,40.1,38.27318,38.018204
3/31/2023,NAIA,40.1,41.1,38.784866,38.740643
4/1/2023,NAIA,41.1,38,38.83961,38.480034
4/2/2023,NAIA,38,35.3,39.33401,39.253902
4/3/2023,NAIA,35.3,35.1,38.17688,38.41927
4/4/2023,NAIA,35.1,37.5,37.080097,38.146515
4/5/2023,NAIA,37.5,37.2,36.720573,37.668224
4/6/2023,NAIA,37.2,38.3,37.659374,37.903816
4/7/2023,NAIA,38.3,35.8,38.07219,38.20244
4/8/2023,NAIA,35.8,36.8,39.454357,39.04113
4/9/2023,NAIA,36.8,37.3,37.45983,38.1161
4/10/2023,NAIA,37.3,33.1,37.166832,37.78913
4/11/2023,NAIA,33.1,31.8,38.40966,38.51817
4/12/2023,NAIA,31.8,37.3,37.181374,38.163635
4/13/2023,NAIA,37.3,38.4,35.574467,37.110054
4/14/2023,NAIA,38.4,38.2,38.024326,37.897842
4/15/2023,NAIA,38.2,40.1,38.70791,38.537735
4/16/2023,NAIA,40.1,41.3,38.795437,38.48069
4/17/2023,NAIA,41.3,40.5,39.57552,39.258522
4/18/2023,NAIA,40.5,41.1,39.67135,39.770103
4/19/2023,NAIA,41.1,41.5,40.230095,40.00357
4/20/2023,NAIA,41.5,41.4,40.85764,40.446575
4/21/2023,NAIA,41.4,41.7,41.167965,40.12577
4/22/2023,NAIA,41.7,40.4,40.0779,39.676823
4/23/2023,NAIA,40.4,38.4,40.599384,39.622765
4/24/2023,NAIA,38.4,40,39.52497,39.878788
4/25/2023,NAIA,40,41.5,40.015205,39.930374
4/26/2023,NAIA,41.5,39.8,39.736458,39.907948
4/27/2023,NAIA,39.8,41.1,39.299366,39.63332
4/28/2023,NAIA,41.1,42.9,39.690117,39.678463
4/29/2023,NAIA,42.9,43.5,40.101475,40.06684
4/30/2023,NAIA,43.5,42.3,41.585575,41.064365
5/1/2023,NAIA,42.3,39.8,40.769268,40.96943
5/2/2023,NAIA,39.8,41.4,40.42276,40.544792
5/3/2023,NAIA,41.4,42.8,40.069443,40.354652
5/4/2023,NAIA,42.8,42.6,41.098946,40.86234
5/5/2023,NAIA,42.6,41.7,41.523464,41.59396
5/6/2023,NAIA,41.7,44.1,41.796326,41.31988
5/7/2023,NAIA,44.1,43.8,41.588673,41.694084
5/8/2023,NAIA,43.8,40.3,41.899796,41.405655
5/9/2023,NAIA,40.3,41.7,41.636623,41.260303
5/10/2023,NAIA,41.7,40.8,40.582096,40.902668
5/11/2023,NAIA,40.8,41.9,41.263878,41.307327
5/12/2023,NAIA,41.9,42.8,41.026653,40.77658
5/13/2023,NAIA,42.8,42.3,41.52945,41.208675
5/14/2023,NAIA,42.3,40.9,41.954647,41.96887
5/15/2023,NAIA,40.9,42.2,41.655052,41.576454
5/16/2023,NAIA,42.2,40.4,41.020435,41.14673
5/17/2023,NAIA,40.4,40.9,41.420525,41.21618
5/18/2023,NAIA,40.9,40.2,41.02465,41.227814
5/19/2023,NAIA,40.2,40.6,41.287903,40.904713
5/20/2023,NAIA,40.6,41.9,39.88118,40.647034
5/21/2023,NAIA,41.9,41.9,41.302345,41.497143
5/22/2023,NAIA,41.9,42.3,41.67465,41.52544
5/23/2023,NAIA,42.3,42.2,41.126263,40.872105
5/24/2023,NAIA,42.2,42.1,41.403744,41.167248
5/25/2023,NAIA,42.1,41,41.453022,41.79268
5/26/2023,NAIA,41,41.9,42.084373,41.780254
5/27/2023,NAIA,41.9,44.2,41.44967,41.635468
5/28/2023,NAIA,44.2,41.6,41.229504,41.319008
5/29/2023,NAIA,41.6,43.8,41.871174,41.678394
5/30/2023,NAIA,43.8,40,40.92993,41.23953
5/31/2023,NAIA,40,38,40.606594,41.111885
3/1/2023,Port Area,31.9,32.3,33.303726,33.897964
3/2/2023,Port Area,32.3,31.1,32.14287,33.14129
3/3/2023,Port Area,31.1,30.6,32.351215,33.01667
3/4/2023,Port Area,30.6,30.5,32.114143,32.970882
3/5/2023,Port Area,30.5,32.1,31.801634,32.758457
3/6/2023,Port Area,32.1,33.4,31.766819,32.51471
3/7/2023,Port Area,33.4,32.2,32.25328,32.793594
3/8/2023,Port Area,32.2,30.6,33.049046,33.456013
3/9/2023,Port Area,30.6,30.9,32.736042,33.212807
3/10/2023,Port Area,30.9,31.4,31.99648,32.555183
3/11/2023,Port Area,31.4,29.9,31.765724,32.664047
3/12/2023,Port Area,29.9,31.9,32.269485,33.093212
3/13/2023,Port Area,31.9,32.8,32.2799,33.302555
3/14/2023,Port Area,32.8,33.2,32.56972,33.28873
3/15/2023,Port Area,33.2,34.5,33.107166,33.474045
3/16/2023,Port Area,34.5,36.8,33.42795,33.71641
3/17/2023,Port Area,36.8,34.4,33.724438,33.730526
3/18/2023,Port Area,34.4,33.6,35.195724,34.668465
3/19/2023,Port Area,33.6,33.4,34.003323,33.973213
3/20/2023,Port Area,33.4,35.9,33.672134,33.441128
3/21/2023,Port Area,35.9,37,33.613945,33.59483
3/22/2023,Port Area,37,38.5,34.81434,34.44341
3/23/2023,Port Area,38.5,37.7,35.562958,35.07268
3/24/2023,Port Area,37.7,36.1,37.101505,36.143677
3/25/2023,Port Area,36.1,36.7,36.764244,35.989727
3/26/2023,Port Area,36.7,36,35.786156,35.538128
3/27/2023,Port Area,36,34.9,36.085506,35.4607
3/28/2023,Port Area,34.9,35.9,36.285896,35.683613
3/29/2023,Port Area,35.9,36.6,35.42357,35.08622
3/30/2023,Port Area,36.6,36.5,36.153423,35.79858
3/31/2023,Port Area,36.5,37.2,36.565723,36.306416
4/1/2023,Port Area,37.2,36.7,36.50195,36.023087
4/2/2023,Port Area,36.7,35,36.99033,36.830288
4/3/2023,Port Area,35,34,36.21505,36.572815
4/4/2023,Port Area,34,35.4,35.386665,36.0224
4/5/2023,Port Area,35.4,35.4,35.31706,35.99936
4/6/2023,Port Area,35.4,37.2,35.891357,36.36579
4/7/2023,Port Area,37.2,37.7,36.55516,36.699654
4/8/2023,Port Area,37.7,35.1,37.018936,37.50197
4/9/2023,Port Area,35.1,35.2,37.593037,37.6796
4/10/2023,Port Area,35.2,33,35.85195,36.454975
4/11/2023,Port Area,33,31.3,36.071236,36.71794
4/12/2023,Port Area,31.3,36.2,35.23786,35.903214
4/13/2023,Port Area,36.2,36.8,33.455124,35.408222
4/14/2023,Port Area,36.8,38,37.17497,37.333336
4/15/2023,Port Area,38,37,37.440582,37.507942
4/16/2023,Port Area,37,39.7,37.824703,37.416885
4/17/2023,Port Area,39.7,39.3,37.40473,37.36382
4/18/2023,Port Area,39.3,39.8,38.7711,38.452045
4/19/2023,Port Area,39.8,41,39.208393,38.464687
4/20/2023,Port Area,41,39,39.25596,38.547653
4/21/2023,Port Area,39,38.5,40.441902,39.413826
4/22/2023,Port Area,38.5,39,39.33139,39.01283
4/23/2023,Port Area,39,37.2,38.90317,38.73952
4/24/2023,Port Area,37.2,38.1,38.145164,38.81805
4/25/2023,Port Area,38.1,37.6,38.2805,38.831142
4/26/2023,Port Area,37.6,40.1,38.35532,38.955475
4/27/2023,Port Area,40.1,40.9,38.399662,38.559315
4/28/2023,Port Area,40.9,38.4,38.5025,38.503284
4/29/2023,Port Area,38.4,42.9,38.90087,38.963066
4/30/2023,Port Area,42.9,39.8,38.770252,38.923702
5/1/2023,Port Area,39.8,37.1,39.467896,39.609604
5/2/2023,Port Area,37.1,38.1,39.225864,39.472237
5/3/2023,Port Area,38.1,40.5,39.08396,39.427204
5/4/2023,Port Area,40.5,39.4,38.762566,39.175896
5/5/2023,Port Area,39.4,40.1,39.267567,39.67848
5/6/2023,Port Area,40.1,41.6,39.55188,39.774063
5/7/2023,Port Area,41.6,41.4,40.57162,40.610676
5/8/2023,Port Area,41.4,40.2,40.588203,40.903004
5/9/2023,Port Area,40.2,38.7,40.511097,40.46567
5/10/2023,Port Area,38.7,38.8,40.38172,40.256832
5/11/2023,Port Area,38.8,39.4,39.575382,40.18161
5/12/2023,Port Area,39.4,38.7,39.66382,39.71201
5/13/2023,Port Area,38.7,39.3,40.055252,40.190025
5/14/2023,Port Area,39.3,39.5,39.402084,40.185917
5/15/2023,Port Area,39.5,42.4,39.56001,40.2526
5/16/2023,Port Area,42.4,41.1,39.59122,39.946594
5/17/2023,Port Area,41.1,39.9,40.765438,40.78863
5/18/2023,Port Area,39.9,38.5,40.47311,40.417915
5/19/2023,Port Area,38.5,39.3,39.26212,39.786182
5/20/2023,Port Area,39.3,41,38.87709,39.598064
5/21/2023,Port Area,41,40.5,40.035984,40.02759
5/22/2023,Port Area,40.5,40.7,40.36693,40.243893
5/23/2023,Port Area,40.7,40.8,39.65668,39.731987
5/24/2023,Port Area,40.8,39.8,39.334236,39.88348
5/25/2023,Port Area,39.8,39,40.098003,40.46797
5/26/2023,Port Area,39,41,39.446815,39.908302
5/27/2023,Port Area,41,43.6,39.2175,39.367607
5/28/2023,Port Area,43.6,39.1,39.51757,39.914764
5/29/2023,Port Area,39.1,41.4,40.351,40.366886
5/30/2023,Port Area,41.4,40.7,39.727165,39.990303
5/31/2023,Port Area,40.7,38.7,39.846134,39.9889
3/1/2023,Puerto Princesa,38.7,33.9,37.21702,36.91848
3/2/2023,Puerto Princesa,33.9,34.6,37.26723,37.188923
3/3/2023,Puerto Princesa,34.6,36.4,34.02074,35.28307
3/4/2023,Puerto Princesa,36.4,35,34.37739,35.08296
3/5/2023,Puerto Princesa,35,35.4,35.99998,36.511192
3/6/2023,Puerto Princesa,35.4,36.3,35.38565,35.85301
3/7/2023,Puerto Princesa,36.3,35.8,36.004307,36.3959
3/8/2023,Puerto Princesa,35.8,34.6,35.80747,36.33088
3/9/2023,Puerto Princesa,34.6,34.9,35.82432,36.35231
3/10/2023,Puerto Princesa,34.9,33.9,34.916954,35.504738
3/11/2023,Puerto Princesa,33.9,34.1,35.221996,35.823265
3/12/2023,Puerto Princesa,34.1,34.2,34.499508,35.087616
3/13/2023,Puerto Princesa,34.2,36.2,34.671757,35.235817
3/14/2023,Puerto Princesa,36.2,36.7,34.664093,35.26583
3/15/2023,Puerto Princesa,36.7,37.2,36.511253,36.605907
3/16/2023,Puerto Princesa,37.2,38,36.85486,36.803806
3/17/2023,Puerto Princesa,38,38,37.0449,37.0775
3/18/2023,Puerto Princesa,38,38.1,37.66147,37.34719
3/19/2023,Puerto Princesa,38.1,37.1,37.330227,37.061333
3/20/2023,Puerto Princesa,37.1,34.3,36.92635,36.81236
3/21/2023,Puerto Princesa,34.3,35.4,36.889626,36.880505
3/22/2023,Puerto Princesa,35.4,38.7,36.150795,36.167526
3/23/2023,Puerto Princesa,38.7,39,36.103756,36.342903
3/24/2023,Puerto Princesa,39,40.4,37.95264,37.78596
3/25/2023,Puerto Princesa,40.4,39.5,38.36355,38.142017
3/26/2023,Puerto Princesa,39.5,38.8,38.91214,38.60079
3/27/2023,Puerto Princesa,38.8,37.6,38.725758,38.312584
3/28/2023,Puerto Princesa,37.6,38.7,38.390476,38.070995
3/29/2023,Puerto Princesa,38.7,38.1,37.917507,38.05127
3/30/2023,Puerto Princesa,38.1,39.7,38.25828,38.47645
3/31/2023,Puerto Princesa,39.7,37.8,38.60845,38.232956
4/1/2023,Puerto Princesa,37.8,38,38.88747,38.618298
4/2/2023,Puerto Princesa,38,37.8,38.171562,38.195534
4/3/2023,Puerto Princesa,37.8,39.1,38.48766,38.533554
4/4/2023,Puerto Princesa,39.1,36.9,38.423096,38.83077
4/5/2023,Puerto Princesa,36.9,35.3,38.797974,38.912086
4/6/2023,Puerto Princesa,35.3,40.5,38.09207,38.435318
4/7/2023,Puerto Princesa,40.5,37.2,37.36163,37.435173
4/8/2023,Puerto Princesa,37.2,38.6,38.98285,38.71314
4/9/2023,Puerto Princesa,38.6,38.1,38.1157,38.481018
4/10/2023,Puerto Princesa,38.1,37.2,38.632996,38.886795
4/11/2023,Puerto Princesa,37.2,38,38.56501,38.571285
4/12/2023,Puerto Princesa,38,37.2,38.00832,38.54656
4/13/2023,Puerto Princesa,37.2,39.1,38.245193,38.32779
4/14/2023,Puerto Princesa,39.1,38.8,38.173565,38.093647
4/15/2023,Puerto Princesa,38.8,39.3,38.828983,38.98921
4/16/2023,Puerto Princesa,39.3,39.3,38.866302,38.93666
4/17/2023,Puerto Princesa,39.3,41,39.26039,39.107147
4/18/2023,Puerto Princesa,41,41.2,39.649246,39.3049
4/19/2023,Puerto Princesa,41.2,40.5,40.39239,39.87203
4/20/2023,Puerto Princesa,40.5,41.1,40.14955,40.195274
4/21/2023,Puerto Princesa,41.1,41.4,40.31709,40.17655
4/22/2023,Puerto Princesa,41.4,41,40.770336,40.73877
4/23/2023,Puerto Princesa,41,40,40.80522,40.512775
4/24/2023,Puerto Princesa,40,40.8,40.579033,40.393288
4/25/2023,Puerto Princesa,40.8,42.1,39.99272,39.9155
4/26/2023,Puerto Princesa,42.1,43.2,40.86326,40.602013
4/27/2023,Puerto Princesa,43.2,41.2,41.359566,41.031498
4/28/2023,Puerto Princesa,41.2,34.9,41.238308,40.76725
4/29/2023,Puerto Princesa,34.9,35.5,40.10603,40.3703
4/30/2023,Puerto Princesa,35.5,40.4,38.15583,39.15265
5/1/2023,Puerto Princesa,40.4,42.6,38.877266,39.346947
5/2/2023,Puerto Princesa,42.6,37.2,40.114906,40.368484
5/3/2023,Puerto Princesa,37.2,31.6,40.37631,40.786125
5/4/2023,Puerto Princesa,31.6,32.7,38.4356,38.784374
5/5/2023,Puerto Princesa,32.7,37.8,36.890987,37.919167
5/6/2023,Puerto Princesa,37.8,38.1,35.840527,37.75575
5/7/2023,Puerto Princesa,38.1,38.5,38.43615,39.020477
5/8/2023,Puerto Princesa,38.5,40.3,38.738277,39.15186
5/9/2023,Puerto Princesa,40.3,42.2,39.387444,39.426945
5/10/2023,Puerto Princesa,42.2,39.7,40.251728,39.896893
5/11/2023,Puerto Princesa,39.7,41.6,41.00843,40.465855
5/12/2023,Puerto Princesa,41.6,40.5,40.17925,39.73693
5/13/2023,Puerto Princesa,40.5,40.7,40.729607,40.231796
5/14/2023,Puerto Princesa,40.7,40.3,39.699135,40.215843
5/15/2023,Puerto Princesa,40.3,39.2,39.785545,39.829998
5/16/2023,Puerto Princesa,39.2,40.2,40.14711,40.284607
5/17/2023,Puerto Princesa,40.2,37.9,39.665375,39.61098
5/18/2023,Puerto Princesa,37.9,35.1,40.31843,40.06135
5/19/2023,Puerto Princesa,35.1,38.9,38.753586,39.110046
5/20/2023,Puerto Princesa,38.9,39.5,37.685097,38.77013
5/21/2023,Puerto Princesa,39.5,39.3,38.944275,38.946102
5/22/2023,Puerto Princesa,39.3,37.1,39.07231,39.1653
5/23/2023,Puerto Princesa,37.1,37.2,39.328926,39.392593
5/24/2023,Puerto Princesa,37.2,37.7,37.974228,38.335083
5/25/2023,Puerto Princesa,37.7,36.6,38.147137,38.735104
5/26/2023,Puerto Princesa,36.6,38.1,38.35906,38.92439
5/27/2023,Puerto Princesa,38.1,39.2,37.987606,38.469982
5/28/2023,Puerto Princesa,39.2,40.7,39.23851,38.941353
5/29/2023,Puerto Princesa,40.7,39.4,39.12614,39.20607
5/30/2023,Puerto Princesa,39.4,39.2,39.958714,39.625374
5/31/2023,Puerto Princesa,39.2,39.3,38.649914,38.91381
3/1/2023,San Jose,37.2,35.7,38.83359,38.93472
3/2/2023,San Jose,35.7,33.9,37.115227,37.68676
3/3/2023,San Jose,33.9,41,36.880657,37.55328
3/4/2023,San Jose,41,34.8,36.75887,37.108948
3/5/2023,San Jose,34.8,34.9,38.850666,38.59754
3/6/2023,San Jose,34.9,36.4,36.99529,37.53688
3/7/2023,San Jose,36.4,34.5,38.0393,38.125374
3/8/2023,San Jose,34.5,37.5,38.393772,38.29325
3/9/2023,San Jose,37.5,35.3,37.185783,37.886703
3/10/2023,San Jose,35.3,34.5,37.540314,37.56853
3/11/2023,San Jose,34.5,34.1,36.649784,37.67741
3/12/2023,San Jose,34.1,40.3,36.741035,37.540325
3/13/2023,San Jose,40.3,37.7,36.577404,36.985744
3/14/2023,San Jose,37.7,43,38.90241,38.789352
3/15/2023,San Jose,43,46.4,38.307827,38.318592
3/16/2023,San Jose,46.4,39.9,40.750637,40.19912
3/17/2023,San Jose,39.9,43.3,42.022644,40.66198
3/18/2023,San Jose,43.3,36.9,39.860886,39.67804
3/19/2023,San Jose,36.9,37.2,41.0267,40.50204
3/20/2023,San Jose,37.2,37.6,38.306458,38.562843
3/21/2023,San Jose,37.6,38.5,38.070435,37.957916
3/22/2023,San Jose,38.5,45.6,39.444897,39.238586
3/23/2023,San Jose,45.6,47.3,40.432587,40.24725
3/24/2023,San Jose,47.3,42.4,42.647198,41.732513
3/25/2023,San Jose,42.4,39.6,42.08073,41.525986
3/26/2023,San Jose,39.6,38,41.73295,41.162743
3/27/2023,San Jose,38,37.2,40.25932,40.155304
3/28/2023,San Jose,37.2,38.5,40.343056,40.373688
3/29/2023,San Jose,38.5,41.1,39.511833,39.862656
3/30/2023,San Jose,41.1,41.5,39.891865,39.94139
3/31/2023,San Jose,41.5,40.2,40.01194,40.339924
4/1/2023,San Jose,40.2,39.3,41.676422,41.415913
4/2/2023,San Jose,39.3,37.4,40.589603,40.785812
4/3/2023,San Jose,37.4,38.2,40.66233,40.850822
4/4/2023,San Jose,38.2,35.9,40.31582,40.953224
4/5/2023,San Jose,35.9,39.5,40.22879,40.61279
4/6/2023,San Jose,39.5,38.9,39.457455,40.560738
4/7/2023,San Jose,38.9,40.5,40.18631,40.353947
4/8/2023,San Jose,40.5,38.8,40.10819,40.39812
4/9/2023,San Jose,38.8,38.5,41.12405,40.894344
4/10/2023,San Jose,38.5,35.8,39.67234,40.113907
4/11/2023,San Jose,35.8,27.9,40.34309,40.160763
4/12/2023,San Jose,27.9,37.6,37.483826,38.78791
4/13/2023,San Jose,37.6,40.8,36.626835,38.563858
4/14/2023,San Jose,40.8,40.8,39.983097,39.030716
4/15/2023,San Jose,40.8,41.2,40.026882,40.006443
4/16/2023,San Jose,41.2,41,39.959255,40.323082
4/17/2023,San Jose,41,41.6,40.549446,40.961037
4/18/2023,San Jose,41.6,42,41.55559,41.63727
4/19/2023,San Jose,42,45.2,40.725105,40.964527
4/20/2023,San Jose,45.2,42.8,41.808067,42.31367
4/21/2023,San Jose,42.8,43,42.91902,42.806717
4/22/2023,San Jose,43,42.1,42.849995,42.606583
4/23/2023,San Jose,42.1,43.2,43.105354,42.548626
4/24/2023,San Jose,43.2,38.4,42.068348,42.19349
4/25/2023,San Jose,38.4,39.5,42.39634,42.803444
4/26/2023,San Jose,39.5,42.6,41.649345,41.848175
4/27/2023,San Jose,42.6,41.5,42.267216,42.163036
4/28/2023,San Jose,41.5,42.9,42.504395,43.002342
4/29/2023,San Jose,42.9,41.2,42.60249,42.471355
4/30/2023,San Jose,41.2,43.6,42.68389,43.1702
5/1/2023,San Jose,43.6,39.4,43.31376,43.137207
5/2/2023,San Jose,39.4,39.7,42.95527,43.219757
5/3/2023,San Jose,39.7,43,41.950413,42.148018
5/4/2023,San Jose,43,39.6,41.582043,41.92238
5/5/2023,San Jose,39.6,42.4,42.760498,42.986504
5/6/2023,San Jose,42.4,42,41.93969,41.71892
5/7/2023,San Jose,42,42.9,42.249508,42.725
5/8/2023,San Jose,42.9,39.5,42.872757,42.826298
5/9/2023,San Jose,39.5,42.6,43.264103,43.34433
5/10/2023,San Jose,42.6,42.9,42.12857,42.56351
5/11/2023,San Jose,42.9,40.9,43.72151,43.70045
5/12/2023,San Jose,40.9,44,43.786182,43.58365
5/13/2023,San Jose,44,38.3,42.930252,42.970627
5/14/2023,San Jose,38.3,43.9,43.33442,43.81589
5/15/2023,San Jose,43.9,42.6,41.021984,41.17351
5/16/2023,San Jose,42.6,41.7,43.999664,43.60564
5/17/2023,San Jose,41.7,43.2,42.73937,42.95216
5/18/2023,San Jose,43.2,34.5,42.633877,42.538086
5/19/2023,San Jose,34.5,39.2,43.405,43.27886
5/20/2023,San Jose,39.2,41.4,39.126724,40.866833
5/21/2023,San Jose,41.4,41.1,40.93563,41.435406
5/22/2023,San Jose,41.1,42.4,42.545647,42.20076
5/23/2023,San Jose,42.4,40.5,42.342434,43.059048
5/24/2023,San Jose,40.5,39.9,41.98431,41.460567
5/25/2023,San Jose,39.9,40.3,40.86831,40.605465
5/26/2023,San Jose,40.3,36.8,40.898384,40.894474
5/27/2023,San Jose,36.8,38.6,40.886868,40.596203
5/28/2023,San Jose,38.6,35.8,38.445087,39.39151
5/29/2023,San Jose,35.8,34.3,38.31358,39.019325
5/30/2023,San Jose,34.3,35,36.328835,37.92678
5/31/2023,San Jose,35,34.4,35.828312,38.381706
3/1/2023,Sangley Point,32.8,33.5,34.76193,35.914223
3/2/2023,Sangley Point,33.5,36.6,34.273132,35.66034
3/3/2023,Sangley Point,36.6,36.3,34.464108,35.906483
3/4/2023,Sangley Point,36.3,32.5,35.53922,36.178062
3/5/2023,Sangley Point,32.5,34.9,35.410362,36.266865
3/6/2023,Sangley Point,34.9,33.8,33.752563,35.32848
3/7/2023,Sangley Point,33.8,34.1,35.27466,36.06005
3/8/2023,Sangley Point,34.1,31.4,34.79957,36.127384
3/9/2023,Sangley Point,31.4,33.4,34.855473,35.929554
3/10/2023,Sangley Point,33.4,33.9,33.68603,34.889908
3/11/2023,Sangley Point,33.9,30.9,34.11242,35.311607
3/12/2023,Sangley Point,30.9,34.7,34.96925,35.751625
3/13/2023,Sangley Point,34.7,36.6,34.496147,35.530148
3/14/2023,Sangley Point,36.6,36,35.50435,36.176373
3/15/2023,Sangley Point,36,37.2,36.424683,36.81475
3/16/2023,Sangley Point,37.2,36.9,36.944195,37.149803
3/17/2023,Sangley Point,36.9,36,36.84212,36.686096
3/18/2023,Sangley Point,36,35.2,37.683624,37.540916
3/19/2023,Sangley Point,35.2,36.8,36.581326,37.13019
3/20/2023,Sangley Point,36.8,38,36.20515,36.69055
3/21/2023,Sangley Point,38,38.2,36.119255,36.517807
3/22/2023,Sangley Point,38.2,41.3,37.517212,37.596214
3/23/2023,Sangley Point,41.3,39.3,38.53408,38.30064
3/24/2023,Sangley Point,39.3,40,39.865902,39.602127
3/25/2023,Sangley Point,40,38.5,39.018177,38.92987
3/26/2023,Sangley Point,38.5,39.1,39.370365,39.44581
3/27/2023,Sangley Point,39.1,38.9,38.69002,39.353542
3/28/2023,Sangley Point,38.9,38.7,39.14559,39.68406
3/29/2023,Sangley Point,38.7,40.3,38.677147,39.77212
3/30/2023,Sangley Point,40.3,39.4,40.0902,40.40067
3/31/2023,Sangley Point,39.4,40.2,40.507053,41.031834
4/1/2023,Sangley Point,40.2,40.6,40.08474,40.642982
4/2/2023,Sangley Point,40.6,37.1,40.59139,41.090675
4/3/2023,Sangley Point,37.1,36.9,40.441628,40.810055
4/4/2023,Sangley Point,36.9,38,38.92533,39.749207
4/5/2023,Sangley Point,38,37.3,38.32874,39.670418
4/6/2023,Sangley Point,37.3,39.5,38.856678,40.41037
4/7/2023,Sangley Point,39.5,35.1,39.71409,40.458775
4/8/2023,Sangley Point,35.1,38.8,40.640106,41.071526
4/9/2023,Sangley Point,38.8,38.2,38.228374,39.500244
4/10/2023,Sangley Point,38.2,34.3,39.926754,40.534683
4/11/2023,Sangley Point,34.3,31.2,39.622833,40.32643
4/12/2023,Sangley Point,31.2,36.6,37.02418,38.664745
4/13/2023,Sangley Point,36.6,38.4,35.700058,38.208195
4/14/2023,Sangley Point,38.4,39.7,39.2593,39.143074
4/15/2023,Sangley Point,39.7,38.7,39.966198,39.877087
4/16/2023,Sangley Point,38.7,42.1,40.7653,40.335255
4/17/2023,Sangley Point,42.1,42.1,40.51152,40.281265
4/18/2023,Sangley Point,42.1,41.2,41.665844,41.52875
4/19/2023,Sangley Point,41.2,42.9,41.808872,41.67358
4/20/2023,Sangley Point,42.9,45.2,42.63658,42.531296
4/21/2023,Sangley Point,45.2,42.5,43.20425,42.838387
4/22/2023,Sangley Point,42.5,38,43.432583,43.35637
4/23/2023,Sangley Point,38,40.1,43.228455,43.364162
4/24/2023,Sangley Point,40.1,41.7,40.02632,41.238453
4/25/2023,Sangley Point,41.7,40.6,41.832775,42.553986
4/26/2023,Sangley Point,40.6,42.4,41.9288,42.62092
4/27/2023,Sangley Point,42.4,41,41.669838,42.358982
4/28/2023,Sangley Point,41,43.9,41.85799,42.28505
4/29/2023,Sangley Point,43.9,43.5,42.222416,42.69932
4/30/2023,Sangley Point,43.5,42.9,41.47401,42.199562
5/1/2023,Sangley Point,42.9,42.4,41.926113,42.628178
5/2/2023,Sangley Point,42.4,41.2,42.4293,43.123215
5/3/2023,Sangley Point,41.2,41.3,42.655758,43.07667
5/4/2023,Sangley Point,41.3,42.3,42.03511,42.83423
5/5/2023,Sangley Point,42.3,42.1,42.982944,43.670013
5/6/2023,Sangley Point,42.1,44.2,42.856144,43.444775
5/7/2023,Sangley Point,44.2,44.4,43.18668,43.182335
5/8/2023,Sangley Point,44.4,41.6,43.067223,42.833336
5/9/2023,Sangley Point,41.6,41.6,44.026432,43.413834
5/10/2023,Sangley Point,41.6,40.2,43.20938,43.532616
5/11/2023,Sangley Point,40.2,43.6,42.950527,43.513588
5/12/2023,Sangley Point,43.6,43.2,43.675995,43.453007
5/13/2023,Sangley Point,43.2,43.7,44.137108,44.311245
5/14/2023,Sangley Point,43.7,41.3,44.37821,44.445583
5/15/2023,Sangley Point,41.3,41.6,43.81379,43.555775
5/16/2023,Sangley Point,41.6,43.9,42.20134,42.497166
5/17/2023,Sangley Point,43.9,41.2,42.401672,42.31779
5/18/2023,Sangley Point,41.2,38.1,43.197197,43.283195
5/19/2023,Sangley Point,38.1,41.7,43.29962,43.0988
5/20/2023,Sangley Point,41.7,44.4,41.79291,42.359344
5/21/2023,Sangley Point,44.4,42,42.941963,43.046677
5/22/2023,Sangley Point,42,44.1,43.1956,42.912388
5/23/2023,Sangley Point,44.1,44.3,42.63446,42.773197
5/24/2023,Sangley Point,44.3,41.1,43.228577,42.90015
5/25/2023,Sangley Point,41.1,41.1,43.151108,43.07071
5/26/2023,Sangley Point,41.1,43.8,42.743923,42.690792
5/27/2023,Sangley Point,43.8,44.9,42.769814,42.751137
5/28/2023,Sangley Point,44.9,42.1,43.241413,43.113068
5/29/2023,Sangley Point,42.1,43.9,43.668606,43.49644
5/30/2023,Sangley Point,43.9,39.4,42.74472,42.872353
5/31/2023,Sangley Point,39.4,38.6,43.10675,43.075184
3/1/2023,Science Garden,31.6,30.2,33.33007,33.982506
3/2/2023,Science Garden,30.2,32.2,32.71493,33.23893
3/3/2023,Science Garden,32.2,30.8,31.78186,32.483585
3/4/2023,Science Garden,30.8,29.7,32.209293,32.815853
3/5/2023,Science Garden,29.7,32.2,31.8632,32.31386
3/6/2023,Science Garden,32.2,32.3,31.409891,31.696747
3/7/2023,Science Garden,32.3,32.6,32.14111,32.835052
3/8/2023,Science Garden,32.6,30.2,32.884598,33.434155
3/9/2023,Science Garden,30.2,30.6,32.909664,33.583656
3/10/2023,Science Garden,30.6,31.6,31.26786,32.06338
3/11/2023,Science Garden,31.6,29.8,31.854052,32.29958
3/12/2023,Science Garden,29.8,32,32.769283,33.512524
3/13/2023,Science Garden,32,32,31.334606,32.446293
3/14/2023,Science Garden,32,35.6,32.140793,32.94392
3/15/2023,Science Garden,35.6,33.5,32.31399,33.109146
3/16/2023,Science Garden,33.5,34.7,34.66366,34.401543
3/17/2023,Science Garden,34.7,34,33.09312,33.582203
3/18/2023,Science Garden,34,34.1,34.091217,34.27185
3/19/2023,Science Garden,34.1,35.8,34.17857,34.017662
3/20/2023,Science Garden,35.8,36.8,33.906384,33.919624
3/21/2023,Science Garden,36.8,36.2,34.47827,34.56598
3/22/2023,Science Garden,36.2,38.6,35.230988,35.086937
3/23/2023,Science Garden,38.6,37.2,35.774933,35.075577
3/24/2023,Science Garden,37.2,36.5,36.366783,35.82123
3/25/2023,Science Garden,36.5,35.7,36.649323,35.748875
3/26/2023,Science Garden,35.7,35.5,35.576164,35.1969
3/27/2023,Science Garden,35.5,36.5,35.39047,34.827686
3/28/2023,Science Garden,36.5,37.1,35.436478,34.817993
3/29/2023,Science Garden,37.1,37.3,35.585007,34.889507
3/30/2023,Science Garden,37.3,38,36.387417,36.021336
3/31/2023,Science Garden,38,36.5,36.366306,35.65175
4/1/2023,Science Garden,36.5,37.2,36.983505,36.539165
4/2/2023,Science Garden,37.2,34.8,36.1988,36.1706
4/3/2023,Science Garden,34.8,35.1,36.40237,36.323296
4/4/2023,Science Garden,35.1,34.5,35.77158,35.806007
4/5/2023,Science Garden,34.5,35.9,35.8868,36.060192
4/6/2023,Science Garden,35.9,36,35.77619,36.150265
4/7/2023,Science Garden,36,34.7,36.288345,36.505947
4/8/2023,Science Garden,34.7,34.3,37.200554,37.37323
4/9/2023,Science Garden,34.3,34.1,35.47973,36.232784
4/10/2023,Science Garden,34.1,33.4,35.81738,36.367985
4/11/2023,Science Garden,33.4,31.9,35.250256,36.193466
4/12/2023,Science Garden,31.9,36.6,35.154987,36.289818
4/13/2023,Science Garden,36.6,37.7,35.304558,36.33891
4/14/2023,Science Garden,37.7,37.3,36.995697,36.978416
4/15/2023,Science Garden,37.3,38.6,37.797577,37.68769
4/16/2023,Science Garden,38.6,38.9,38.154877,37.938892
4/17/2023,Science Garden,38.9,39.8,37.9815,37.93784
4/18/2023,Science Garden,39.8,39.1,37.754467,37.80583
4/19/2023,Science Garden,39.1,41.2,39.137512,38.54175
4/20/2023,Science Garden,41.2,38.3,38.974228,38.60633
4/21/2023,Science Garden,38.3,39.3,39.555405,39.205875
4/22/2023,Science Garden,39.3,37.1,38.322113,37.997406
4/23/2023,Science Garden,37.1,36.9,38.382687,37.88996
4/24/2023,Science Garden,36.9,38.1,36.88256,37.46157
4/25/2023,Science Garden,38.1,38.3,37.420334,37.737362
4/26/2023,Science Garden,38.3,38.4,37.636787,37.905525
4/27/2023,Science Garden,38.4,40.1,37.669624,37.913815
4/28/2023,Science Garden,40.1,40.8,37.568874,37.90415
4/29/2023,Science Garden,40.8,40.1,38.279083,38.16303
4/30/2023,Science Garden,40.1,38.7,39.62561,38.99901
5/1/2023,Science Garden,38.7,38.3,38.817585,38.907417
5/2/2023,Science Garden,38.3,37.6,38.689045,38.814327
5/3/2023,Science Garden,37.6,38.3,38.344387,38.779495
5/4/2023,Science Garden,38.3,40.3,38.46395,38.878784
5/5/2023,Science Garden,40.3,40.7,38.864635,39.180714
5/6/2023,Science Garden,40.7,42.2,38.88104,39.06828
5/7/2023,Science Garden,42.2,38.9,39.303783,39.419968
5/8/2023,Science Garden,38.9,37.4,40.37052,40.09744
5/9/2023,Science Garden,37.4,37.2,39.407784,39.58414
5/10/2023,Science Garden,37.2,37.9,38.471287,38.651672
5/11/2023,Science Garden,37.9,40.7,38.44983,38.425694
5/12/2023,Science Garden,40.7,40.4,38.424473,38.588905
5/13/2023,Science Garden,40.4,38.8,39.703312,39.733185
5/14/2023,Science Garden,38.8,40.6,40.4134,39.86692
5/15/2023,Science Garden,40.6,41.1,38.935417,39.240124
5/16/2023,Science Garden,41.1,41,39.4822,39.352676
5/17/2023,Science Garden,41,38.1,40.02099,39.694656
5/18/2023,Science Garden,38.1,37.6,39.741566,39.6538
5/19/2023,Science Garden,37.6,39.4,39.414394,39.358723
5/20/2023,Science Garden,39.4,40.2,38.73257,39.190685
5/21/2023,Science Garden,40.2,40.8,39.136837,39.165215
5/22/2023,Science Garden,40.8,40.4,39.40274,39.113647
5/23/2023,Science Garden,40.4,41.8,39.539104,39.389534
5/24/2023,Science Garden,41.8,38.7,39.17681,39.3199
5/25/2023,Science Garden,38.7,38.3,40.025326,39.92053
5/26/2023,Science Garden,38.3,39.6,39.675617,39.957733
5/27/2023,Science Garden,39.6,40.6,39.29256,39.545586
5/28/2023,Science Garden,40.6,37.4,39.44303,39.572586
5/29/2023,Science Garden,37.4,40.3,39.931736,40.083233
5/30/2023,Science Garden,40.3,40.9,38.936344,39.582886
5/31/2023,Science Garden,40.9,38.2,39.788048,39.44225
3/1/2023,Sinait,32.8,34.9,33.410427,33.596054
3/2/2023,Sinait,34.9,31.7,33.461353,33.408688
3/3/2023,Sinait,31.7,30.9,33.519775,33.48312
3/4/2023,Sinait,30.9,29.7,31.998558,32.44148
3/5/2023,Sinait,29.7,29.4,31.258799,31.624504
3/6/2023,Sinait,29.4,30.2,31.522842,32.24493
3/7/2023,Sinait,30.2,30.9,31.032837,31.818504
3/8/2023,Sinait,30.9,32.3,31.592472,31.930113
3/9/2023,Sinait,32.3,30.9,31.70044,32.336273
3/10/2023,Sinait,30.9,30.3,32.168674,32.330746
3/11/2023,Sinait,30.3,32.7,31.756804,32.077442
3/12/2023,Sinait,32.7,30.8,31.587324,31.946192
3/13/2023,Sinait,30.8,33.4,31.566711,31.873701
3/14/2023,Sinait,33.4,32.5,31.703138,32.055153
3/15/2023,Sinait,32.5,33.2,32.881824,33.084805
3/16/2023,Sinait,33.2,32.8,33.727695,33.55275
3/17/2023,Sinait,32.8,34.8,33.634968,33.61973
3/18/2023,Sinait,34.8,33.3,33.246666,33.489098
3/19/2023,Sinait,33.3,32.1,33.503876,33.24612
3/20/2023,Sinait,32.1,33.7,32.80534,32.780685
3/21/2023,Sinait,33.7,34.1,32.329807,32.378742
3/22/2023,Sinait,34.1,35.5,33.556694,33.255196
3/23/2023,Sinait,35.5,38,34.67497,34.177216
3/24/2023,Sinait,38,35.5,35.999313,34.7617
3/25/2023,Sinait,35.5,35.8,35.664715,35.140102
3/26/2023,Sinait,35.8,36.7,35.076366,34.58473
3/27/2023,Sinait,36.7,36.5,35.564083,34.650547
3/28/2023,Sinait,36.5,35.5,35.703384,34.857056
3/29/2023,Sinait,35.5,36.3,34.89353,34.666283
3/30/2023,Sinait,36.3,35.8,36.050472,35.368275
3/31/2023,Sinait,35.8,34.4,36.11449,35.883453
4/1/2023,Sinait,34.4,35.5,35.47038,35.165665
4/2/2023,Sinait,35.5,36.6,35.13542,34.874084
4/3/2023,Sinait,36.6,35.2,35.89134,35.727104
4/4/2023,Sinait,35.2,35.5,35.867374,35.625305
4/5/2023,Sinait,35.5,37.1,35.342796,35.27682
4/6/2023,Sinait,37.1,36.9,35.43996,35.398426
4/7/2023,Sinait,36.9,34.7,36.009415,35.857838
4/8/2023,Sinait,34.7,34.1,35.928627,36.344986
4/9/2023,Sinait,34.1,33.9,34.648785,35.362263
4/10/2023,Sinait,33.9,34.9,34.69217,35.31733
4/11/2023,Sinait,34.9,38,34.989094,35.317406
4/12/2023,Sinait,38,38.3,35.978462,36.25464
4/13/2023,Sinait,38.3,36.3,38.12184,37.484703
4/14/2023,Sinait,36.3,36.3,38.580734,37.975994
4/15/2023,Sinait,36.3,38.6,37.5206,36.860714
4/16/2023,Sinait,38.6,39,36.62767,36.737278
4/17/2023,Sinait,39,37.8,37.68947,37.77571
4/18/2023,Sinait,37.8,38.8,38.708054,37.91499
4/19/2023,Sinait,38.8,37.8,38.08351,37.78897
4/20/2023,Sinait,37.8,39.1,38.640213,38.070038
4/21/2023,Sinait,39.1,39.4,38.632847,38.30696
4/22/2023,Sinait,39.4,39.1,38.18404,38.15929
4/23/2023,Sinait,39.1,35.7,37.5161,37.80439
4/24/2023,Sinait,35.7,38.5,37.76782,38.031178
4/25/2023,Sinait,38.5,38.2,37.22459,37.53269
4/26/2023,Sinait,38.2,39.5,37.95913,38.033108
4/27/2023,Sinait,39.5,39.8,38.350437,38.29853
4/28/2023,Sinait,39.8,38.9,39.00325,38.643204
4/29/2023,Sinait,38.9,38.9,39.25111,38.787045
4/30/2023,Sinait,38.9,40.8,38.96909,38.569065
5/1/2023,Sinait,40.8,38.1,39.29514,39.204296
5/2/2023,Sinait,38.1,39.9,39.41504,39.18822
5/3/2023,Sinait,39.9,40.5,38.933598,38.79475
5/4/2023,Sinait,40.5,39.3,40.16205,39.601475
5/5/2023,Sinait,39.3,39.5,39.869335,39.499996
5/6/2023,Sinait,39.5,39,39.696415,39.489426
5/7/2023,Sinait,39,39,39.433937,39.148674
5/8/2023,Sinait,39,38.2,39.164116,39.061954
5/9/2023,Sinait,38.2,40.3,39.350704,39.264812
5/10/2023,Sinait,40.3,40.3,39.02058,39.31657
5/11/2023,Sinait,40.3,39.3,39.22432,39.351788
5/12/2023,Sinait,39.3,39.1,38.963726,39.120094
5/13/2023,Sinait,39.1,39.1,39.159367,39.30438
5/14/2023,Sinait,39.1,39.7,39.286243,39.269924
5/15/2023,Sinait,39.7,39.7,39.5488,39.585827
5/16/2023,Sinait,39.7,39.2,39.855354,39.392647
5/17/2023,Sinait,39.2,41.4,39.11678,38.82926
5/18/2023,Sinait,41.4,39.9,39.913048,39.31954
5/19/2023,Sinait,39.9,39.7,40.397255,39.808548
5/20/2023,Sinait,39.7,38.9,39.86694,39.694874
5/21/2023,Sinait,38.9,40.4,39.712646,39.36553
5/22/2023,Sinait,40.4,40.3,39.343204,38.911404
5/23/2023,Sinait,40.3,41.8,38.95309,38.90983
5/24/2023,Sinait,41.8,42.4,39.866486,39.652447
5/25/2023,Sinait,42.4,39,40.43756,40.153473
5/26/2023,Sinait,39,40.7,40.349483,40.117756
5/27/2023,Sinait,40.7,37.7,38.60938,38.824688
5/28/2023,Sinait,37.7,38.9,38.782585,38.66326
5/29/2023,Sinait,38.9,38.3,38.870136,38.61175
5/30/2023,Sinait,38.3,41,38.68274,38.28142
5/31/2023,Sinait,41,40.3,38.013966,38.02299
3/1/2023,Tanay,23.5,24.4,24.86389,25.653557
3/2/2023,Tanay,24.4,25.5,23.901104,25.017406
3/3/2023,Tanay,25.5,24,24.518719,25.032099
3/4/2023,Tanay,24,25,25.059702,25.618835
3/5/2023,Tanay,25,24.1,24.009573,24.44779
3/6/2023,Tanay,24.1,25.4,24.767466,24.747173
3/7/2023,Tanay,25.4,26.1,25.273237,25.388737
3/8/2023,Tanay,26.1,24.1,24.82606,25.537172
3/9/2023,Tanay,24.1,24.5,25.469645,25.828434
3/10/2023,Tanay,24.5,26.4,24.359335,24.863316
3/11/2023,Tanay,26.4,19.6,25.012419,25.343758
3/12/2023,Tanay,19.6,26.1,26.265709,26.06373
3/13/2023,Tanay,26.1,26.5,23.348518,24.448744
3/14/2023,Tanay,26.5,26.6,25.362173,25.536337
3/15/2023,Tanay,26.6,23.1,25.393818,26.250336
3/16/2023,Tanay,23.1,28,25.987816,26.471828
3/17/2023,Tanay,28,27.1,25.015614,25.769913
3/18/2023,Tanay,27.1,27.2,27.404715,26.740026
3/19/2023,Tanay,27.2,27.6,27.08915,26.42965
3/20/2023,Tanay,27.6,28.8,27.18178,26.50644
3/21/2023,Tanay,28.8,29.3,26.876501,26.507057
3/22/2023,Tanay,29.3,29.5,27.690472,26.974367
3/23/2023,Tanay,29.5,29.5,28.162844,28.141472
3/24/2023,Tanay,29.5,30,28.672606,28.664703
3/25/2023,Tanay,30,28.9,28.254274,28.340876
3/26/2023,Tanay,28.9,28.6,28.754309,28.40335
3/27/2023,Tanay,28.6,28.5,27.823513,27.68797
3/28/2023,Tanay,28.5,29.5,28.32934,27.960762
3/29/2023,Tanay,29.5,28.8,28.045471,27.525599
3/30/2023,Tanay,28.8,31.2,28.938961,28.481277
3/31/2023,Tanay,31.2,29.5,28.971355,28.799957
4/1/2023,Tanay,29.5,29.8,30.197025,28.84261
4/2/2023,Tanay,29.8,20.7,29.273699,29.059065
4/3/2023,Tanay,20.7,27.5,28.808794,28.815584
4/4/2023,Tanay,27.5,28.7,25.768473,27.869795
4/5/2023,Tanay,28.7,31.1,28.544628,28.522104
4/6/2023,Tanay,31.1,27.5,28.556023,28.413073
4/7/2023,Tanay,27.5,25.5,29.877026,29.32463
4/8/2023,Tanay,25.5,28.1,28.931997,28.827665
4/9/2023,Tanay,28.1,28.1,26.750904,27.937374
4/10/2023,Tanay,28.1,23.5,28.249098,28.352583
4/11/2023,Tanay,23.5,20.2,28.308893,28.779408
4/12/2023,Tanay,20.2,24.3,26.624825,28.930275
4/13/2023,Tanay,24.3,30.7,26.515125,28.899467
4/14/2023,Tanay,30.7,32.5,28.335945,28.49538
4/15/2023,Tanay,32.5,32,29.642946,29.107994
4/16/2023,Tanay,32,32,30.203676,29.695885
4/17/2023,Tanay,32,32.2,30.034594,29.691278
4/18/2023,Tanay,32.2,33,30.279839,29.44117
4/19/2023,Tanay,33,33.7,30.96354,30.41695
4/20/2023,Tanay,33.7,31.7,32.639076,30.76752
4/21/2023,Tanay,31.7,32.8,33.325493,31.719007
4/22/2023,Tanay,32.8,28.4,30.929811,31.16865
4/23/2023,Tanay,28.4,27.4,31.965904,31.25992
4/24/2023,Tanay,27.4,29.7,29.422237,30.13856
4/25/2023,Tanay,29.7,29.6,28.469872,30.24188
4/26/2023,Tanay,29.6,30.3,29.93033,30.423424
4/27/2023,Tanay,30.3,30.1,29.62451,30.466412
4/28/2023,Tanay,30.1,31.9,29.995804,30.131678
4/29/2023,Tanay,31.9,31.6,30.351927,30.345589
4/30/2023,Tanay,31.6,30.4,31.431797,31.760143
5/1/2023,Tanay,30.4,29.5,30.631613,31.357986
5/2/2023,Tanay,29.5,27.8,30.449278,30.744987
5/3/2023,Tanay,27.8,30.7,29.844175,30.895283
5/4/2023,Tanay,30.7,32,29.690525,30.80361
5/5/2023,Tanay,32,33,30.10877,30.76676
5/6/2023,Tanay,33,35.5,31.486105,31.611954
5/7/2023,Tanay,35.5,30.9,32.97188,32.21242
5/8/2023,Tanay,30.9,28.4,33.57469,32.112057
5/9/2023,Tanay,28.4,28.3,30.50103,30.964512
5/10/2023,Tanay,28.3,23.1,29.175095,30.159826
5/11/2023,Tanay,23.1,31.8,29.689104,30.59178
5/12/2023,Tanay,31.8,33.7,27.306086,29.407625
5/13/2023,Tanay,33.7,35.3,30.806019,30.671665
5/14/2023,Tanay,35.3,33.5,32.343304,31.42242
5/15/2023,Tanay,33.5,30.5,32.64603,31.436249
5/16/2023,Tanay,30.5,31.8,32.94786,31.724323
5/17/2023,Tanay,31.8,34.3,32.31301,32.025726
5/18/2023,Tanay,34.3,29.1,33.05819,32.17758
5/19/2023,Tanay,29.1,35,33.425903,32.150127
5/20/2023,Tanay,35,34.6,32.265438,32.820103
5/21/2023,Tanay,34.6,31.7,33.868248,32.428
5/22/2023,Tanay,31.7,32.8,33.246567,31.640865
5/23/2023,Tanay,32.8,32.1,31.065302,31.118446
5/24/2023,Tanay,32.1,31.6,31.937408,31.27267
5/25/2023,Tanay,31.6,29.6,31.201027,30.677574
5/26/2023,Tanay,29.6,32.9,30.387527,30.725746
5/27/2023,Tanay,32.9,31.5,30.768177,31.194307
5/28/2023,Tanay,31.5,29.5,31.48345,31.51935
5/29/2023,Tanay,29.5,28.4,29.853088,30.576582
5/30/2023,Tanay,28.4,28.7,27.823997,29.841612
5/31/2023,Tanay,28.7,28.3,28.508026,30.072853
3/1/2023,Tayabas,26.2,28.3,29.32496,29.468132
3/2/2023,Tayabas,28.3,28.6,27.540613,28.660437
3/3/2023,Tayabas,28.6,27.2,27.762844,28.770826
3/4/2023,Tayabas,27.2,26,27.598522,28.261286
3/5/2023,Tayabas,26,27.3,28.087511,28.921854
3/6/2023,Tayabas,27.3,30.8,28.889627,29.025965
3/7/2023,Tayabas,30.8,30.4,29.514545,29.177212
3/8/2023,Tayabas,30.4,29.8,30.10671,30.164572
3/9/2023,Tayabas,29.8,28.5,30.599083,30.837889
3/10/2023,Tayabas,28.5,29.9,29.121803,29.465336
3/11/2023,Tayabas,29.9,25.6,28.864773,29.639622
3/12/2023,Tayabas,25.6,29.7,29.555676,29.409632
3/13/2023,Tayabas,29.7,32.9,26.845095,28.803974
3/14/2023,Tayabas,32.9,30.9,29.889046,29.667608
3/15/2023,Tayabas,30.9,31.2,31.625315,31.055595
3/16/2023,Tayabas,31.2,32.3,29.854414,29.904318
3/17/2023,Tayabas,32.3,31.3,31.245415,31.259357
3/18/2023,Tayabas,31.3,30.4,31.784227,31.491205
3/19/2023,Tayabas,30.4,30.7,31.00768,30.823343
3/20/2023,Tayabas,30.7,34.5,30.44531,29.926353
3/21/2023,Tayabas,34.5,33.7,31.451998,30.766396
3/22/2023,Tayabas,33.7,37.4,35.17253,33.861008
3/23/2023,Tayabas,37.4,36.1,33.962254,32.84038
3/24/2023,Tayabas,36.1,32.2,34.570595,33.921097
3/25/2023,Tayabas,32.2,32.6,34.11934,33.902103
3/26/2023,Tayabas,32.6,31.7,33.813736,33.32747
3/27/2023,Tayabas,31.7,30.8,33.129795,32.87236
3/28/2023,Tayabas,30.8,32.4,33.236526,33.006752
3/29/2023,Tayabas,32.4,38,33.108906,32.911366
3/30/2023,Tayabas,38,35.8,33.21284,33.43317
3/31/2023,Tayabas,35.8,33.1,36.002327,34.995754
4/1/2023,Tayabas,33.1,33.2,34.205715,33.20663
4/2/2023,Tayabas,33.2,31.3,34.50191,34.024082
4/3/2023,Tayabas,31.3,34.5,34.24049,33.878376
4/4/2023,Tayabas,34.5,34.8,32.29271,33.305664
4/5/2023,Tayabas,34.8,34.7,32.940872,33.521824
4/6/2023,Tayabas,34.7,34.3,34.129448,33.999977
4/7/2023,Tayabas,34.3,27.3,34.192913,33.45114
4/8/2023,Tayabas,27.3,30.3,32.569218,32.866432
4/9/2023,Tayabas,30.3,34.2,29.800089,31.740524
4/10/2023,Tayabas,34.2,25,32.086716,32.897655
4/11/2023,Tayabas,25,23.2,33.562572,34.24799
4/12/2023,Tayabas,23.2,34.6,30.828161,33.349617
4/13/2023,Tayabas,34.6,37.7,32.532166,34.268383
4/14/2023,Tayabas,37.7,31.7,35.144814,34.539833
4/15/2023,Tayabas,31.7,33.7,35.655437,34.11404
4/16/2023,Tayabas,33.7,39.8,34.469658,34.510147
4/17/2023,Tayabas,39.8,41.1,34.92117,34.919014
4/18/2023,Tayabas,41.1,39.6,37.07053,36.332363
4/19/2023,Tayabas,39.6,42,37.582222,36.226135
4/20/2023,Tayabas,42,40.1,37.39364,36.47862
4/21/2023,Tayabas,40.1,37.6,39.2204,37.371925
4/22/2023,Tayabas,37.6,34,38.990517,37.194492
4/23/2023,Tayabas,34,37.4,37.155464,36.47067
4/24/2023,Tayabas,37.4,38,34.481735,35.136944
4/25/2023,Tayabas,38,37.4,34.947063,35.21864
4/26/2023,Tayabas,37.4,36.9,37.130173,36.393234
4/27/2023,Tayabas,36.9,38.3,36.747883,35.924583
4/28/2023,Tayabas,38.3,35.7,36.457417,36.063015
4/29/2023,Tayabas,35.7,35.3,36.355488,35.988087
4/30/2023,Tayabas,35.3,37.7,36.564907,36.362766
5/1/2023,Tayabas,37.7,33.7,36.591934,36.480118
5/2/2023,Tayabas,33.7,37.1,36.3679,36.532978
5/3/2023,Tayabas,37.1,38.5,34.036053,35.742622
5/4/2023,Tayabas,38.5,37.1,36.359333,35.906647
5/5/2023,Tayabas,37.1,35.7,37.006218,36.83536
5/6/2023,Tayabas,35.7,36,37.114418,37.288124
5/7/2023,Tayabas,36,39.9,36.908997,36.767845
5/8/2023,Tayabas,39.9,33.3,37.343266,37.07044
5/9/2023,Tayabas,33.3,36.3,38.46254,37.80806
5/10/2023,Tayabas,36.3,36.6,35.025578,35.56933
5/11/2023,Tayabas,36.6,36.7,35.96174,36.18145
5/12/2023,Tayabas,36.7,34.7,35.921585,36.304966
5/13/2023,Tayabas,34.7,33.3,37.140823,36.72487
5/14/2023,Tayabas,33.3,41.4,35.97979,36.453823
5/15/2023,Tayabas,41.4,40.3,35.687325,36.22654
5/16/2023,Tayabas,40.3,39.7,38.565475,38.197273
5/17/2023,Tayabas,39.7,40.1,38.320736,37.81827
5/18/2023,Tayabas,40.1,39.5,38.449375,38.335896
5/19/2023,Tayabas,39.5,38,39.20662,39.093166
5/20/2023,Tayabas,38,35.1,38.02395,37.91438
5/21/2023,Tayabas,35.1,40.3,38.36027,38.659027
5/22/2023,Tayabas,40.3,41.2,38.10873,38.14697
5/23/2023,Tayabas,41.2,39.7,38.96693,38.58569
5/24/2023,Tayabas,39.7,39.9,39.219536,39.13778
5/25/2023,Tayabas,39.9,37.4,38.950954,38.848694
5/26/2023,Tayabas,37.4,38.9,37.8936,38.444897
5/27/2023,Tayabas,38.9,37.3,37.554276,37.72673
5/28/2023,Tayabas,37.3,37.4,38.762722,38.94813
5/29/2023,Tayabas,37.4,37.4,38.91369,38.885
5/30/2023,Tayabas,37.4,41.2,37.372753,38.47762
5/31/2023,Tayabas,41.2,39.7,38.10259,37.64427
3/1/2023,Tuguegarao,29.3,28.3,30.5964,31.447563
3/2/2023,Tuguegarao,28.3,27.6,29.69378,31.17577
3/3/2023,Tuguegarao,27.6,29.5,28.643824,30.116686
3/4/2023,Tuguegarao,29.5,27.7,27.53158,29.063171
3/5/2023,Tuguegarao,27.7,28.7,28.635023,29.600128
3/6/2023,Tuguegarao,28.7,29.1,27.855091,29.3203
3/7/2023,Tuguegarao,29.1,30.2,29.6084,30.37982
3/8/2023,Tuguegarao,30.2,31.1,30.883354,31.616426
3/9/2023,Tuguegarao,31.1,30.8,31.164082,31.74662
3/10/2023,Tuguegarao,30.8,29,30.275627,31.159647
3/11/2023,Tuguegarao,29,28.8,30.112036,30.697107
3/12/2023,Tuguegarao,28.8,30.5,29.223192,29.791813
3/13/2023,Tuguegarao,30.5,34.3,27.735771,29.08104
3/14/2023,Tuguegarao,34.3,32.8,30.731174,31.201227
3/15/2023,Tuguegarao,32.8,33.7,33.511826,32.8383
3/16/2023,Tuguegarao,33.7,36.2,33.62207,33.282288
3/17/2023,Tuguegarao,36.2,33.8,33.951557,33.74531
3/18/2023,Tuguegarao,33.8,35.9,35.875454,35.331944
3/19/2023,Tuguegarao,35.9,35.9,34.364735,34.47657
3/20/2023,Tuguegarao,35.9,38.8,35.67287,34.704247
3/21/2023,Tuguegarao,38.8,36.8,35.703014,35.170815
3/22/2023,Tuguegarao,36.8,40,37.865253,36.801327
3/23/2023,Tuguegarao,40,39.3,37.43335,36.213493
3/24/2023,Tuguegarao,39.3,38.6,39.091022,37.36691
3/25/2023,Tuguegarao,38.6,36.3,39.218655,37.584526
3/26/2023,Tuguegarao,36.3,38.1,38.690784,37.405983
3/27/2023,Tuguegarao,38.1,36.2,37.22167,36.285828
3/28/2023,Tuguegarao,36.2,38.4,36.87383,35.971535
3/29/2023,Tuguegarao,38.4,38.7,36.793823,36.648273
3/30/2023,Tuguegarao,38.7,40,38.44299,37.87562
3/31/2023,Tuguegarao,40,38.4,38.53096,37.627754
4/1/2023,Tuguegarao,38.4,36.3,39.67307,39.10839
4/2/2023,Tuguegarao,36.3,32.6,38.97214,38.276367
4/3/2023,Tuguegarao,32.6,34.2,37.23957,37.85986
4/4/2023,Tuguegarao,34.2,35.3,35.60025,37.258427
4/5/2023,Tuguegarao,35.3,36.3,36.538372,37.915478
4/6/2023,Tuguegarao,36.3,30.5,37.09691,37.91883
4/7/2023,Tuguegarao,30.5,34.2,37.38321,37.975254
4/8/2023,Tuguegarao,34.2,34.9,33.492485,36.578987
4/9/2023,Tuguegarao,34.9,36.4,34.68314,36.49431
4/10/2023,Tuguegarao,36.4,36.6,36.531376,37.32905
4/11/2023,Tuguegarao,36.6,39.7,36.50456,37.6254
4/12/2023,Tuguegarao,39.7,40.3,37.635826,38.288895
4/13/2023,Tuguegarao,40.3,38.7,39.720043,39.255028
4/14/2023,Tuguegarao,38.7,41.8,40.20729,39.67796
4/15/2023,Tuguegarao,41.8,40.2,39.428295,39.11072
4/16/2023,Tuguegarao,40.2,40.4,40.057556,39.517445
4/17/2023,Tuguegarao,40.4,40,39.65733,39.453094
4/18/2023,Tuguegarao,40,39.5,41.024555,40.61703
4/19/2023,Tuguegarao,39.5,41.1,41.392357,40.99868
4/20/2023,Tuguegarao,41.1,37.2,40.705975,40.72344
4/21/2023,Tuguegarao,37.2,39.5,40.911816,40.897457
4/22/2023,Tuguegarao,39.5,36.6,39.207294,39.64021
4/23/2023,Tuguegarao,36.6,36.3,39.226505,39.546597
4/24/2023,Tuguegarao,36.3,36.6,37.778927,38.86226
4/25/2023,Tuguegarao,36.6,38.3,38.4859,38.967373
4/26/2023,Tuguegarao,38.3,38.6,38.879223,39.229404
4/27/2023,Tuguegarao,38.6,41.1,39.353928,39.375225
4/28/2023,Tuguegarao,41.1,40.8,40.149456,40.303505
4/29/2023,Tuguegarao,40.8,41.8,41.742817,41.52443
4/30/2023,Tuguegarao,41.8,40.4,41.381104,41.606403
5/1/2023,Tuguegarao,40.4,38.6,42.01522,41.788177
5/2/2023,Tuguegarao,38.6,39.8,41.621105,41.634415
5/3/2023,Tuguegarao,39.8,39.4,40.69547,40.74213
5/4/2023,Tuguegarao,39.4,42.1,40.83246,41.10302
5/5/2023,Tuguegarao,42.1,43.4,41.429638,41.1311
5/6/2023,Tuguegarao,43.4,43.9,41.928387,42.072884
5/7/2023,Tuguegarao,43.9,41.5,42.541565,42.602097
5/8/2023,Tuguegarao,41.5,39.2,41.951374,41.45895
5/9/2023,Tuguegarao,39.2,39.9,41.020554,41.244007
5/10/2023,Tuguegarao,39.9,40.6,40.13614,40.90065
5/11/2023,Tuguegarao,40.6,41,40.784176,40.865223
5/12/2023,Tuguegarao,41,40.4,41.591408,41.24439
5/13/2023,Tuguegarao,40.4,40.5,41.660774,41.4451
5/14/2023,Tuguegarao,40.5,42.2,41.035004,41.185448
5/15/2023,Tuguegarao,42.2,42.8,41.313076,41.502518
5/16/2023,Tuguegarao,42.8,43.4,41.909237,41.60441
5/17/2023,Tuguegarao,43.4,44.1,42.3985,42.35621
5/18/2023,Tuguegarao,44.1,42,42.21295,41.824715
5/19/2023,Tuguegarao,42,40.9,42.316048,41.725784
5/20/2023,Tuguegarao,40.9,45,42.23024,42.022976
5/21/2023,Tuguegarao,45,43.3,42.43487,42.143707
5/22/2023,Tuguegarao,43.3,40.4,42.910652,41.80504
5/23/2023,Tuguegarao,40.4,41.8,42.16351,42.003235
5/24/2023,Tuguegarao,41.8,40.8,41.145485,41.64292
5/25/2023,Tuguegarao,40.8,37.3,41.752323,41.69638
5/26/2023,Tuguegarao,37.3,38.5,41.077652,41.530384
5/27/2023,Tuguegarao,38.5,38.7,39.728348,40.692234
5/28/2023,Tuguegarao,38.7,38,38.768597,40.5449
5/29/2023,Tuguegarao,38,39.7,40.00186,40.800613
5/30/2023,Tuguegarao,39.7,42.1,40.24094,40.72789
5/31/2023,Tuguegarao,42.1,41.7,40.400764,40.624607
3/1/2023,Virac Synop,30.4,26.2,33.881165,35.082207
3/2/2023,Virac Synop,26.2,31.4,31.854662,33.55759
3/3/2023,Virac Synop,31.4,29.3,32.292507,34.11941
3/4/2023,Virac Synop,29.3,30.5,32.70096,33.789474
3/5/2023,Virac Synop,30.5,31.2,32.51047,34.1635
3/6/2023,Virac Synop,31.2,33.9,32.639843,33.779705
3/7/2023,Virac Synop,33.9,30.7,32.75079,34.050343
3/8/2023,Virac Synop,30.7,32.5,34.395645,34.231506
3/9/2023,Virac Synop,32.5,31.5,32.88238,34.0353
3/10/2023,Virac Synop,31.5,34,33.117252,33.913574
3/11/2023,Virac Synop,34,31.9,32.853504,33.47779
3/12/2023,Virac Synop,31.9,33.7,34.36525,34.48687
3/13/2023,Virac Synop,33.7,35.5,33.028934,33.476746
3/14/2023,Virac Synop,35.5,33.4,34.153557,34.237972
3/15/2023,Virac Synop,33.4,33.8,34.967484,34.429123
3/16/2023,Virac Synop,33.8,33.1,33.95992,33.86424
3/17/2023,Virac Synop,33.1,33.4,34.52695,34.128613
3/18/2023,Virac Synop,33.4,33.2,34.600327,34.464764
3/19/2023,Virac Synop,33.2,35.3,34.063156,33.697372
3/20/2023,Virac Synop,35.3,36.8,33.302753,33.453278
3/21/2023,Virac Synop,36.8,37,35.28254,34.741066
3/22/2023,Virac Synop,37,34.3,36.321896,35.473343
3/23/2023,Virac Synop,34.3,37.7,36.90123,36.111843
3/24/2023,Virac Synop,37.7,40.6,35.138447,34.863354
3/25/2023,Virac Synop,40.6,35.5,36.50993,35.718792
3/26/2023,Virac Synop,35.5,39.5,37.323215,36.473595
3/27/2023,Virac Synop,39.5,35.1,35.79769,35.347168
3/28/2023,Virac Synop,35.1,36,37.594078,36.73725
3/29/2023,Virac Synop,36,37.2,35.782074,35.715557
3/30/2023,Virac Synop,37.2,39.7,36.206917,35.991837
3/31/2023,Virac Synop,39.7,37.4,37.599857,37.18096
4/1/2023,Virac Synop,37.4,35.8,37.857872,37.555084
4/2/2023,Virac Synop,35.8,34.8,37.583874,37.71184
4/3/2023,Virac Synop,34.8,31.7,37.136982,37.00203
4/4/2023,Virac Synop,31.7,33.7,35.74577,36.687927
4/5/2023,Virac Synop,33.7,34.8,35.12504,36.422646
4/6/2023,Virac Synop,34.8,38.1,35.73857,36.481045
4/7/2023,Virac Synop,38.1,38,36.587307,36.86522
4/8/2023,Virac Synop,38,34.4,37.089817,37.64094
4/9/2023,Virac Synop,34.4,30.1,36.85249,37.49019
4/10/2023,Virac Synop,30.1,29.7,36.072037,36.68426
4/11/2023,Virac Synop,29.7,36.5,35.369854,36.74329
4/12/2023,Virac Synop,36.5,37.9,36.2562,37.19491
4/13/2023,Virac Synop,37.9,41.8,37.150875,37.461315
4/14/2023,Virac Synop,41.8,42.9,37.496483,37.967354
4/15/2023,Virac Synop,42.9,39.7,39.41753,39.029896
4/16/2023,Virac Synop,39.7,40.9,39.844395,39.455296
4/17/2023,Virac Synop,40.9,38.6,38.45996,38.705772
4/18/2023,Virac Synop,38.6,38,38.919613,39.332268
4/19/2023,Virac Synop,38,43.8,39.370167,39.44072
4/20/2023,Virac Synop,43.8,43.7,38.90168,39.545124
4/21/2023,Virac Synop,43.7,40.3,40.453384,40.33447
4/22/2023,Virac Synop,40.3,37,40.735992,40.76539
4/23/2023,Virac Synop,37,35.3,40.302185,40.507668
4/24/2023,Virac Synop,35.3,36.3,38.68589,39.540947
4/25/2023,Virac Synop,36.3,36,37.392597,38.774364
4/26/2023,Virac Synop,36,42.2,38.58519,39.71136
4/27/2023,Virac Synop,42.2,39.1,39.229233,39.658108
4/28/2023,Virac Synop,39.1,46.6,40.678722,40.559265
4/29/2023,Virac Synop,46.6,42.2,39.137028,39.468666
4/30/2023,Virac Synop,42.2,36.8,40.857346,40.83571
5/1/2023,Virac Synop,36.8,31.6,40.440025,40.60456
5/2/2023,Virac Synop,31.6,34.9,38.98807,39.424526
5/3/2023,Virac Synop,34.9,39.8,37.29494,39.425377
5/4/2023,Virac Synop,39.8,43.1,38.721912,39.55356
5/5/2023,Virac Synop,43.1,42.3,39.59339,40.242752
5/6/2023,Virac Synop,42.3,39.1,40.9517,40.982883
5/7/2023,Virac Synop,39.1,41.2,38.20493,39.82978
5/8/2023,Virac Synop,41.2,39.5,38.601498,39.559093
5/9/2023,Virac Synop,39.5,39.1,39.67919,39.87458
5/10/2023,Virac Synop,39.1,34.4,39.467365,39.94537
5/11/2023,Virac Synop,34.4,39.8,40.00014,40.482864
5/12/2023,Virac Synop,39.8,44.6,38.714207,39.016033
5/13/2023,Virac Synop,44.6,39.2,39.319782,39.06888
5/14/2023,Virac Synop,39.2,43.1,40.871788,40.50386
5/15/2023,Virac Synop,43.1,41.3,39.390957,40.288025
5/16/2023,Virac Synop,41.3,42.1,42.428566,42.03606
5/17/2023,Virac Synop,42.1,41,42.175648,42.45579
5/18/2023,Virac Synop,41,38.9,41.79831,42.37921
5/19/2023,Virac Synop,38.9,39.2,41.606537,42.900185
5/20/2023,Virac Synop,39.2,42.2,40.797443,41.173817
5/21/2023,Virac Synop,42.2,43.5,40.352474,41.240845
5/22/2023,Virac Synop,43.5,48.7,41.956688,41.55416
5/23/2023,Virac Synop,48.7,41.8,42.552452,42.4656
5/24/2023,Virac Synop,41.8,38.1,44.28843,43.27458
5/25/2023,Virac Synop,38.1,39.3,42.65878,41.774914
5/26/2023,Virac Synop,39.3,38.9,40.190853,41.1492
5/27/2023,Virac Synop,38.9,41,40.417477,41.64266
5/28/2023,Virac Synop,41,38.8,40.417423,41.185043
5/29/2023,Virac Synop,38.8,39.8,41.544857,41.911583
5/30/2023,Virac Synop,39.8,42.6,40.74518,41.17261
5/31/2023,Virac Synop,42.6,42.2,40.37557,40.82212
