Date,Station,HI_1day_Model,HI_2day_Model
3/1/2024,Ambulong,35.720905,36.156586
3/2/2024,Ambulong,35.461372,35.946625
3/3/2024,Ambulong,34.45001,35.152584
3/4/2024,Ambulong,35.326588,36.002457
3/5/2024,Ambulong,36.649742,36.56064
3/6/2024,Ambulong,38.075893,37.91195
3/7/2024,Ambulong,36.777336,36.74164
3/8/2024,Ambulong,37.276783,37.227016
3/9/2024,Ambulong,34.921734,35.72071
3/10/2024,Ambulong,33.539062,34.912376
3/11/2024,Ambulong,35.885372,36.314915
3/12/2024,Ambulong,38.5119,38.10127
3/13/2024,Ambulong,35.63769,35.73544
3/14/2024,Ambulong,35.360786,35.57643
3/15/2024,Ambulong,35.125744,35.765415
3/16/2024,Ambulong,36.755356,37.05666
3/17/2024,Ambulong,36.592434,36.843155
3/18/2024,Ambulong,35.159737,35.958942
3/19/2024,Ambulong,35.385727,35.831512
3/20/2024,Ambulong,35.327744,35.813614
3/21/2024,Ambulong,33.146732,34.59979
3/22/2024,Ambulong,34.358917,35.32128
3/23/2024,Ambulong,36.364777,36.279003
3/24/2024,Ambulong,36.65368,36.921753
3/25/2024,Ambulong,36.818363,36.89564
3/26/2024,Ambulong,37.31034,37.6478
3/27/2024,Ambulong,39.900978,39.02377
3/28/2024,Ambulong,41.12045,40.294086
3/29/2024,Ambulong,40.306694,40.150898
3/30/2024,Ambulong,38.809406,38.795883
3/31/2024,Ambulong,39.80172,39.630474
4/1/2024,Ambulong,40.44365,40.28747
4/2/2024,Ambulong,39.304996,39.653713
4/3/2024,Ambulong,38.334496,39.073032
4/4/2024,Ambulong,40.19776,40.652386
4/5/2024,Ambulong,39.70241,39.796947
4/6/2024,Ambulong,38.716087,39.202106
4/7/2024,Ambulong,39.271515,39.766617
4/8/2024,Ambulong,39.304485,39.451263
4/9/2024,Ambulong,40.91561,41.273643
4/10/2024,Ambulong,40.46252,40.398468
4/11/2024,Ambulong,40.316376,40.431686
4/12/2024,Ambulong,40.366932,40.824623
4/13/2024,Ambulong,41.11276,41.209934
4/14/2024,Ambulong,41.25982,41.476585
4/15/2024,Ambulong,40.91595,41.002163
4/16/2024,Ambulong,41.843605,41.890305
4/17/2024,Ambulong,41.203453,41.439854
4/18/2024,Ambulong,42.03724,42.06393
4/19/2024,Ambulong,41.758965,41.793
4/20/2024,Ambulong,41.429466,41.380436
4/21/2024,Ambulong,41.421135,41.172806
4/22/2024,Ambulong,41.774395,42.12625
4/23/2024,Ambulong,42.165226,42.360493
4/24/2024,Ambulong,42.72327,42.715466
4/25/2024,Ambulong,42.94741,42.78317
4/26/2024,Ambulong,42.970245,42.753498
4/27/2024,Ambulong,43.147484,43.10664
4/28/2024,Ambulong,42.75658,43.260605
4/29/2024,Ambulong,42.74036,42.439644
4/30/2024,Ambulong,42.746372,42.551342
5/1/2024,Ambulong,42.93476,42.747353
5/2/2024,Ambulong,42.32534,42.126728
5/3/2024,Ambulong,42.129234,41.967064
5/4/2024,Ambulong,42.60817,42.37645
5/5/2024,Ambulong,42.95029,43.15557
5/6/2024,Ambulong,43.23237,42.92529
5/7/2024,Ambulong,42.93567,43.347675
5/8/2024,Ambulong,42.625835,42.953632
5/9/2024,Ambulong,43.0306,42.98285
5/10/2024,Ambulong,43.23186,43.408295
5/11/2024,Ambulong,43.193172,42.947582
5/12/2024,Ambulong,43.100216,43.16647
5/13/2024,Ambulong,42.954098,43.01613
5/14/2024,Ambulong,43.210342,43.31176
5/15/2024,Ambulong,43.19895,43.3679
5/16/2024,Ambulong,42.975815,42.717346
5/17/2024,Ambulong,43.166256,42.9696
5/18/2024,Ambulong,42.608093,42.864216
5/19/2024,Ambulong,42.80318,42.719257
5/20/2024,Ambulong,42.979603,43.10943
5/21/2024,Ambulong,42.435616,42.425793
5/22/2024,Ambulong,42.900646,42.86879
5/23/2024,Ambulong,42.40752,42.752666
5/24/2024,Ambulong,42.387848,42.78752
5/25/2024,Ambulong,40.19507,41.297127
5/26/2024,Ambulong,39.884506,40.84481
5/27/2024,Ambulong,41.467697,41.427467
5/28/2024,Ambulong,41.509068,41.731888
5/29/2024,Ambulong,42.787235,42.864594
5/30/2024,Ambulong,43.7321,42.858006
5/31/2024,Ambulong,43.312298,42.731606
3/1/2024,Baguio,24.994305,25.218273
3/2/2024,Baguio,24.78328,24.946554
3/3/2024,Baguio,25.209158,25.265955
3/4/2024,Baguio,25.283396,25.314188
3/5/2024,Baguio,25.938433,25.76759
3/6/2024,Baguio,25.827538,25.57916
3/7/2024,Baguio,25.844887,25.590858
3/8/2024,Baguio,24.694973,24.886055
3/9/2024,Baguio,24.476198,24.74447
3/10/2024,Baguio,24.849825,24.734697
3/11/2024,Baguio,25.581654,25.317453
3/12/2024,Baguio,25.245232,25.292875
3/13/2024,Baguio,25.110298,25.168417
3/14/2024,Baguio,24.353788,24.664722
3/15/2024,Baguio,24.773504,24.859846
3/16/2024,Baguio,25.24868,25.095442
3/17/2024,Baguio,25.015846,25.049274
3/18/2024,Baguio,24.846819,25.113516
3/19/2024,Baguio,24.013964,24.453163
3/20/2024,Baguio,23.898792,24.418434
3/21/2024,Baguio,23.911592,24.429062
3/22/2024,Baguio,25.163893,25.224655
3/23/2024,Baguio,24.319996,25.021654
3/24/2024,Baguio,25.853838,25.59354
3/25/2024,Baguio,26.537828,25.910955
3/26/2024,Baguio,27.355268,26.418434
3/27/2024,Baguio,26.353424,26.169394
3/28/2024,Baguio,26.600489,25.945786
3/29/2024,Baguio,24.480734,24.827063
3/30/2024,Baguio,26.622318,26.349096
3/31/2024,Baguio,26.466488,26.43014
4/1/2024,Baguio,25.84463,25.456736
4/2/2024,Baguio,26.584852,26.28417
4/3/2024,Baguio,26.359299,26.129843
4/4/2024,Baguio,26.408241,26.165134
4/5/2024,Baguio,27.270292,26.53812
4/6/2024,Baguio,26.797182,26.314617
4/7/2024,Baguio,26.956,26.751814
4/8/2024,Baguio,25.928257,26.098297
4/9/2024,Baguio,24.250866,25.146864
4/10/2024,Baguio,23.814346,24.84275
4/11/2024,Baguio,24.112728,24.937094
4/12/2024,Baguio,25.991844,26.144352
4/13/2024,Baguio,26.378096,26.144306
4/14/2024,Baguio,26.686943,26.511463
4/15/2024,Baguio,26.67211,26.524363
4/16/2024,Baguio,26.115215,26.055517
4/17/2024,Baguio,26.484365,26.444244
4/18/2024,Baguio,26.591362,26.280298
4/19/2024,Baguio,26.903318,26.50468
4/20/2024,Baguio,26.758694,26.281082
4/21/2024,Baguio,27.600714,26.738523
4/22/2024,Baguio,27.079636,26.897354
4/23/2024,Baguio,26.969273,27.782404
4/24/2024,Baguio,27.192696,27.681263
4/25/2024,Baguio,26.885393,27.655071
4/26/2024,Baguio,26.80314,27.351837
4/27/2024,Baguio,26.971092,27.274622
4/28/2024,Baguio,27.11171,27.806454
4/29/2024,Baguio,24.678234,26.031698
4/30/2024,Baguio,27.089506,27.305914
5/1/2024,Baguio,26.651722,27.165005
5/2/2024,Baguio,27.35167,26.939264
5/3/2024,Baguio,27.517078,27.327465
5/4/2024,Baguio,27.541672,27.549944
5/5/2024,Baguio,26.745173,27.050375
5/6/2024,Baguio,26.678516,26.625603
5/7/2024,Baguio,26.605572,26.51483
5/8/2024,Baguio,25.56597,26.106203
5/9/2024,Baguio,25.116444,25.670225
5/10/2024,Baguio,25.353424,25.758997
5/11/2024,Baguio,24.136217,25.20585
5/12/2024,Baguio,26.286613,26.0937
5/13/2024,Baguio,26.05896,26.02195
5/14/2024,Baguio,23.952856,25.153122
5/15/2024,Baguio,24.406181,24.55082
5/16/2024,Baguio,24.788132,25.395855
5/17/2024,Baguio,24.918133,25.440874
5/18/2024,Baguio,23.944923,24.650824
5/19/2024,Baguio,22.894905,23.850061
5/20/2024,Baguio,24.91859,24.67377
5/21/2024,Baguio,25.238602,24.932955
5/22/2024,Baguio,24.337696,24.508413
5/23/2024,Baguio,25.843298,25.270784
5/24/2024,Baguio,26.58559,25.809624
5/25/2024,Baguio,26.558426,26.497519
5/26/2024,Baguio,23.060825,23.39768
5/27/2024,Baguio,23.138647,23.491804
5/28/2024,Baguio,23.768333,24.490274
5/29/2024,Baguio,24.48297,24.793142
5/30/2024,Baguio,24.745844,24.792633
5/31/2024,Baguio,27.284645,26.88973
3/1/2024,Baler,33.9845,33.53683
3/2/2024,Baler,33.794136,33.793495
3/3/2024,Baler,32.91731,33.383274
3/4/2024,Baler,33.04395,33.103558
3/5/2024,Baler,33.482296,33.32088
3/6/2024,Baler,35.6094,34.207676
3/7/2024,Baler,33.31594,32.926968
3/8/2024,Baler,31.87198,32.447716
3/9/2024,Baler,30.50309,32.144623
3/10/2024,Baler,32.794666,32.889954
3/11/2024,Baler,33.141724,33.512203
3/12/2024,Baler,33.676033,34.22026
3/13/2024,Baler,29.591423,32.598648
3/14/2024,Baler,33.737846,34.119076
3/15/2024,Baler,31.594257,33.240143
3/16/2024,Baler,29.7325,32.920425
3/17/2024,Baler,34.284317,34.454674
3/18/2024,Baler,32.610912,33.244133
3/19/2024,Baler,33.143368,33.821682
3/20/2024,Baler,32.378128,32.50741
3/21/2024,Baler,30.424252,31.777164
3/22/2024,Baler,32.78288,32.829933
3/23/2024,Baler,32.194725,33.651558
3/24/2024,Baler,34.728813,34.37112
3/25/2024,Baler,35.872784,34.454144
3/26/2024,Baler,34.51027,33.530563
3/27/2024,Baler,31.226011,33.429684
3/28/2024,Baler,35.07216,34.89644
3/29/2024,Baler,33.169075,34.102615
3/30/2024,Baler,36.789707,35.555885
3/31/2024,Baler,36.476986,35.078133
4/1/2024,Baler,37.181946,36.241734
4/2/2024,Baler,35.925808,34.841347
4/3/2024,Baler,35.690838,34.229374
4/4/2024,Baler,35.3927,34.62446
4/5/2024,Baler,35.223892,33.900784
4/6/2024,Baler,34.956352,34.3417
4/7/2024,Baler,35.578163,34.62873
4/8/2024,Baler,37.359848,36.170406
4/9/2024,Baler,37.625763,36.387936
4/10/2024,Baler,36.53052,36.598175
4/11/2024,Baler,37.13307,37.54704
4/12/2024,Baler,38.237484,38.043674
4/13/2024,Baler,39.354218,39.235
4/14/2024,Baler,39.279854,39.262493
4/15/2024,Baler,40.423,39.91532
4/16/2024,Baler,39.211494,39.398907
4/17/2024,Baler,39.381157,39.27947
4/18/2024,Baler,39.659492,39.666267
4/19/2024,Baler,39.216187,39.322372
4/20/2024,Baler,39.955437,39.67292
4/21/2024,Baler,40.31895,39.70933
4/22/2024,Baler,41.226814,40.713875
4/23/2024,Baler,42.10469,41.260796
4/24/2024,Baler,42.420437,41.358856
4/25/2024,Baler,40.923576,40.712837
4/26/2024,Baler,41.490658,40.46481
4/27/2024,Baler,41.49119,41.096684
4/28/2024,Baler,41.977036,40.98656
4/29/2024,Baler,42.105904,41.915863
4/30/2024,Baler,42.423717,41.999
5/1/2024,Baler,40.99994,42.129272
5/2/2024,Baler,41.474823,41.797173
5/3/2024,Baler,40.9466,41.98175
5/4/2024,Baler,41.675716,41.555332
5/5/2024,Baler,41.990376,41.93362
5/6/2024,Baler,41.50712,42.172615
5/7/2024,Baler,41.440987,41.23328
5/8/2024,Baler,40.425617,41.01785
5/9/2024,Baler,40.41837,40.902855
5/10/2024,Baler,38.2983,40.502705
5/11/2024,Baler,40.835464,41.05617
5/12/2024,Baler,42.076263,41.527714
5/13/2024,Baler,40.861595,41.631363
5/14/2024,Baler,40.22872,41.00726
5/15/2024,Baler,41.165607,41.18395
5/16/2024,Baler,40.13432,40.7924
5/17/2024,Baler,41.431396,41.74137
5/18/2024,Baler,38.762203,40.775597
5/19/2024,Baler,39.936375,40.298195
5/20/2024,Baler,39.481667,39.823986
5/21/2024,Baler,38.165035,38.48948
5/22/2024,Baler,39.15848,39.54948
5/23/2024,Baler,41.164368,39.85137
5/24/2024,Baler,37.578857,39.345764
5/25/2024,Baler,38.420925,38.703793
5/26/2024,Baler,32.28773,36.715748
5/27/2024,Baler,37.616932,37.636837
5/28/2024,Baler,39.650105,39.54123
5/29/2024,Baler,41.463036,40.614304
5/30/2024,Baler,40.76291,40.454514
5/31/2024,Baler,41.4684,40.706318
3/1/2024,Basco,24.554436,25.825718
3/2/2024,Basco,23.947792,24.85006
3/3/2024,Basco,25.079884,25.716705
3/4/2024,Basco,27.832382,27.487818
3/5/2024,Basco,29.797878,28.277155
3/6/2024,Basco,25.063131,25.598284
3/7/2024,Basco,24.57304,25.494066
3/8/2024,Basco,23.705423,25.156326
3/9/2024,Basco,23.94495,24.911108
3/10/2024,Basco,24.24098,25.644318
3/11/2024,Basco,27.370169,27.237156
3/12/2024,Basco,24.150038,25.213953
3/13/2024,Basco,25.50408,26.548264
3/14/2024,Basco,24.247223,25.667183
3/15/2024,Basco,25.36857,26.283413
3/16/2024,Basco,27.27377,27.338799
3/17/2024,Basco,27.085331,27.005468
3/18/2024,Basco,27.163979,27.394758
3/19/2024,Basco,25.59147,26.332443
3/20/2024,Basco,23.530436,25.158556
3/21/2024,Basco,24.45563,24.980944
3/22/2024,Basco,26.227118,26.90871
3/23/2024,Basco,28.125206,27.961859
3/24/2024,Basco,28.74385,28.67327
3/25/2024,Basco,29.621344,29.382832
3/26/2024,Basco,29.42766,28.882093
3/27/2024,Basco,27.640594,27.902967
3/28/2024,Basco,29.15903,29.049767
3/29/2024,Basco,29.63785,29.147621
3/30/2024,Basco,32.75756,30.909111
3/31/2024,Basco,32.761997,31.586948
4/1/2024,Basco,33.432526,31.78866
4/2/2024,Basco,31.603556,31.595903
4/3/2024,Basco,33.38055,32.047863
4/4/2024,Basco,34.05897,32.538612
4/5/2024,Basco,33.121677,32.552197
4/6/2024,Basco,33.33589,32.886955
4/7/2024,Basco,33.823967,33.15469
4/8/2024,Basco,32.969673,32.3473
4/9/2024,Basco,28.808857,31.238653
4/10/2024,Basco,30.764215,31.603401
4/11/2024,Basco,31.288141,31.972483
4/12/2024,Basco,32.489956,32.48654
4/13/2024,Basco,33.236416,33.261013
4/14/2024,Basco,34.89646,34.732105
4/15/2024,Basco,34.057922,33.715588
4/16/2024,Basco,34.34669,33.402782
4/17/2024,Basco,35.130596,34.533207
4/18/2024,Basco,31.47629,32.590626
4/19/2024,Basco,33.76308,34.17506
4/20/2024,Basco,35.183422,34.88419
4/21/2024,Basco,35.167007,35.14583
4/22/2024,Basco,34.912815,35.38976
4/23/2024,Basco,35.437687,35.78188
4/24/2024,Basco,34.545864,35.048706
4/25/2024,Basco,34.723713,35.54369
4/26/2024,Basco,34.71372,35.231827
4/27/2024,Basco,32.544193,33.767998
4/28/2024,Basco,37.014027,36.84709
4/29/2024,Basco,38.231377,37.980488
4/30/2024,Basco,36.278477,37.017433
5/1/2024,Basco,38.004635,37.911343
5/2/2024,Basco,35.19026,36.323364
5/3/2024,Basco,35.988777,36.8905
5/4/2024,Basco,37.47618,38.31925
5/5/2024,Basco,38.30425,38.441067
5/6/2024,Basco,36.300957,37.559208
5/7/2024,Basco,37.70233,38.200554
5/8/2024,Basco,35.392067,36.111214
5/9/2024,Basco,31.326916,34.496346
5/10/2024,Basco,33.68103,34.994595
5/11/2024,Basco,35.597374,36.304043
5/12/2024,Basco,37.25402,37.386143
5/13/2024,Basco,33.2367,34.57535
5/14/2024,Basco,32.517822,34.29616
5/15/2024,Basco,31.582151,33.227726
5/16/2024,Basco,30.570555,32.735626
5/17/2024,Basco,33.299404,34.891754
5/18/2024,Basco,33.348156,34.468216
5/19/2024,Basco,33.59825,34.87257
5/20/2024,Basco,35.569164,36.558777
5/21/2024,Basco,37.49639,36.985615
5/22/2024,Basco,38.118217,38.11617
5/23/2024,Basco,37.966373,37.90645
5/24/2024,Basco,39.180656,38.855515
5/25/2024,Basco,38.87016,38.67186
5/26/2024,Basco,37.963932,37.783615
5/27/2024,Basco,39.015194,38.92128
5/28/2024,Basco,35.39542,36.939648
5/29/2024,Basco,34.77427,36.247433
5/30/2024,Basco,36.318092,36.94798
5/31/2024,Basco,40.366188,39.283726
3/1/2024,Calapan,38.4893,37.603035
3/2/2024,Calapan,37.727722,37.51774
3/3/2024,Calapan,37.56414,37.647522
3/4/2024,Calapan,37.16729,37.406315
3/5/2024,Calapan,37.374123,37.100266
3/6/2024,Calapan,37.751293,37.54265
3/7/2024,Calapan,38.075157,37.35388
3/8/2024,Calapan,35.348347,36.10632
3/9/2024,Calapan,36.457787,36.305687
3/10/2024,Calapan,34.240566,35.41482
3/11/2024,Calapan,36.172077,36.273506
3/12/2024,Calapan,36.936123,36.76437
3/13/2024,Calapan,37.161915,36.875168
3/14/2024,Calapan,36.638145,36.565914
3/15/2024,Calapan,36.29842,36.676422
3/16/2024,Calapan,36.753227,36.687737
3/17/2024,Calapan,36.555428,36.91732
3/18/2024,Calapan,34.878487,35.94433
3/19/2024,Calapan,36.406647,36.457066
3/20/2024,Calapan,35.262306,36.049015
3/21/2024,Calapan,35.606037,36.080276
3/22/2024,Calapan,35.950497,36.304848
3/23/2024,Calapan,37.370922,36.863293
3/24/2024,Calapan,36.283474,36.08726
3/25/2024,Calapan,37.2211,36.842075
3/26/2024,Calapan,37.372013,36.939796
3/27/2024,Calapan,38.79138,37.663166
3/28/2024,Calapan,39.21762,38.463535
3/29/2024,Calapan,39.277267,38.390553
3/30/2024,Calapan,38.89421,38.098537
3/31/2024,Calapan,37.58857,37.276997
4/1/2024,Calapan,39.060833,38.60331
4/2/2024,Calapan,38.698433,38.597878
4/3/2024,Calapan,38.4473,38.455585
4/4/2024,Calapan,38.881336,38.562454
4/5/2024,Calapan,38.868465,38.464798
4/6/2024,Calapan,39.30041,38.946503
4/7/2024,Calapan,38.92189,38.48716
4/8/2024,Calapan,39.34147,38.769146
4/9/2024,Calapan,39.83924,39.390377
4/10/2024,Calapan,39.883636,39.591084
4/11/2024,Calapan,39.04525,39.21677
4/12/2024,Calapan,39.667294,39.33646
4/13/2024,Calapan,39.598763,39.214203
4/14/2024,Calapan,40.19992,39.810596
4/15/2024,Calapan,40.852993,40.38584
4/16/2024,Calapan,40.122135,39.88411
4/17/2024,Calapan,39.087788,39.301876
4/18/2024,Calapan,40.234715,39.95941
4/19/2024,Calapan,40.71929,40.27019
4/20/2024,Calapan,39.626347,39.91813
4/21/2024,Calapan,39.44523,39.734386
4/22/2024,Calapan,40.414997,40.56433
4/23/2024,Calapan,40.587193,40.594902
4/24/2024,Calapan,40.404808,40.781624
4/25/2024,Calapan,40.425236,40.52306
4/26/2024,Calapan,40.20237,40.358753
4/27/2024,Calapan,41.51996,41.284115
4/28/2024,Calapan,41.282753,41.179485
4/29/2024,Calapan,41.23966,41.173946
4/30/2024,Calapan,41.18471,41.099308
5/1/2024,Calapan,41.13411,40.952187
5/2/2024,Calapan,41.48564,41.22476
5/3/2024,Calapan,40.674793,40.708153
5/4/2024,Calapan,40.54772,40.78692
5/5/2024,Calapan,40.885998,40.80849
5/6/2024,Calapan,41.071556,40.887833
5/7/2024,Calapan,41.311344,41.07095
5/8/2024,Calapan,40.566826,40.662415
5/9/2024,Calapan,41.55749,41.251606
5/10/2024,Calapan,41.394817,41.089355
5/11/2024,Calapan,40.772408,40.831837
5/12/2024,Calapan,41.460907,41.193684
5/13/2024,Calapan,40.83965,40.949696
5/14/2024,Calapan,42.24225,41.540966
5/15/2024,Calapan,40.82477,40.999367
5/16/2024,Calapan,41.206158,40.839497
5/17/2024,Calapan,41.07837,40.985405
5/18/2024,Calapan,41.567028,41.333004
5/19/2024,Calapan,41.52658,41.528595
5/20/2024,Calapan,41.554417,41.26149
5/21/2024,Calapan,41.50548,41.279133
5/22/2024,Calapan,42.05913,41.167175
5/23/2024,Calapan,40.916504,40.96157
5/24/2024,Calapan,41.72501,41.015232
5/25/2024,Calapan,39.449665,40.12473
5/26/2024,Calapan,36.377487,38.696896
5/27/2024,Calapan,41.163345,40.655567
5/28/2024,Calapan,41.996326,41.40387
5/29/2024,Calapan,42.032394,41.929977
5/30/2024,Calapan,42.035942,41.137424
5/31/2024,Calapan,42.119225,41.911533
3/1/2024,Clark,33.341854,34.325535
3/2/2024,Clark,33.702248,34.162292
3/3/2024,Clark,33.513428,34.03222
3/4/2024,Clark,34.266,34.5883
3/5/2024,Clark,35.22947,35.329796
3/6/2024,Clark,36.82392,36.21896
3/7/2024,Clark,35.38446,35.58823
3/8/2024,Clark,34.42283,34.633846
3/9/2024,Clark,32.714417,33.482296
3/10/2024,Clark,33.671597,34.04741
3/11/2024,Clark,34.344276,34.748844
3/12/2024,Clark,35.11633,35.065327
3/13/2024,Clark,33.437042,34.2512
3/14/2024,Clark,35.048237,35.662395
3/15/2024,Clark,33.967533,34.712902
3/16/2024,Clark,34.767735,35.489563
3/17/2024,Clark,35.513714,35.589348
3/18/2024,Clark,34.565315,34.9736
3/19/2024,Clark,35.024586,35.17201
3/20/2024,Clark,35.18779,35.3611
3/21/2024,Clark,32.973694,33.65021
3/22/2024,Clark,34.22165,34.66876
3/23/2024,Clark,32.775093,34.32608
3/24/2024,Clark,36.448055,36.36659
3/25/2024,Clark,35.89704,35.69364
3/26/2024,Clark,36.986958,36.73949
3/27/2024,Clark,37.322273,36.667023
3/28/2024,Clark,37.68749,37.089832
3/29/2024,Clark,37.36144,36.955204
3/30/2024,Clark,37.50764,37.241013
3/31/2024,Clark,36.436024,36.41792
4/1/2024,Clark,37.262405,37.459618
4/2/2024,Clark,36.789375,37.00843
4/3/2024,Clark,36.984768,37.390793
4/4/2024,Clark,37.37743,37.636097
4/5/2024,Clark,37.658623,37.819904
4/6/2024,Clark,35.70718,36.293427
4/7/2024,Clark,37.06724,37.520927
4/8/2024,Clark,37.909378,38.01102
4/9/2024,Clark,38.367,38.528698
4/10/2024,Clark,37.877552,38.205635
4/11/2024,Clark,37.578312,37.907402
4/12/2024,Clark,37.430614,37.867157
4/13/2024,Clark,38.007053,38.447277
4/14/2024,Clark,38.23845,38.65972
4/15/2024,Clark,38.964745,39.182934
4/16/2024,Clark,39.340504,39.40293
4/17/2024,Clark,39.4442,39.378376
4/18/2024,Clark,40.595207,40.576706
4/19/2024,Clark,39.923447,39.65813
4/20/2024,Clark,39.643154,39.422462
4/21/2024,Clark,39.72051,39.607986
4/22/2024,Clark,40.367905,40.00464
4/23/2024,Clark,40.85502,40.551773
4/24/2024,Clark,41.161903,41.0477
4/25/2024,Clark,40.525726,40.487175
4/26/2024,Clark,41.324764,41.140995
4/27/2024,Clark,41.118675,40.995132
4/28/2024,Clark,41.381927,41.61599
4/29/2024,Clark,41.893158,42.18006
4/30/2024,Clark,41.06382,41.129704
5/1/2024,Clark,41.422905,41.37062
5/2/2024,Clark,40.756268,40.748116
5/3/2024,Clark,40.930202,40.943638
5/4/2024,Clark,41.12861,40.762722
5/5/2024,Clark,41.16536,41.0903
5/6/2024,Clark,41.847225,42.28976
5/7/2024,Clark,41.96916,41.211315
5/8/2024,Clark,42.062954,42.206947
5/9/2024,Clark,41.998215,41.910572
5/10/2024,Clark,41.360004,40.828854
5/11/2024,Clark,40.19595,40.362705
5/12/2024,Clark,41.159294,40.844215
5/13/2024,Clark,41.46699,41.224483
5/14/2024,Clark,41.124725,40.835598
5/15/2024,Clark,41.420624,41.306824
5/16/2024,Clark,41.62211,41.381157
5/17/2024,Clark,41.392067,41.29183
5/18/2024,Clark,41.256336,41.412308
5/19/2024,Clark,39.700546,40.813263
5/20/2024,Clark,40.767757,40.384895
5/21/2024,Clark,40.949047,40.8559
5/22/2024,Clark,40.10845,39.99895
5/23/2024,Clark,40.66165,40.206116
5/24/2024,Clark,40.441956,40.15381
5/25/2024,Clark,39.41075,40.002068
5/26/2024,Clark,38.01913,39.053223
5/27/2024,Clark,40.095707,39.59267
5/28/2024,Clark,40.218746,40.419838
5/29/2024,Clark,39.0886,39.5815
5/30/2024,Clark,39.655678,39.61231
5/31/2024,Clark,40.458584,40.14739
3/1/2024,Daet,34.274994,34.535645
3/2/2024,Daet,33.994442,34.525436
3/3/2024,Daet,34.52521,34.487488
3/4/2024,Daet,35.779892,35.393845
3/5/2024,Daet,34.22255,34.305832
3/6/2024,Daet,35.75176,35.162113
3/7/2024,Daet,36.088634,36.14821
3/8/2024,Daet,36.97624,36.078102
3/9/2024,Daet,35.3224,35.23226
3/10/2024,Daet,33.47719,34.356606
3/11/2024,Daet,35.04596,34.78481
3/12/2024,Daet,35.054653,35.38498
3/13/2024,Daet,34.554142,35.05298
3/14/2024,Daet,33.82635,34.312347
3/15/2024,Daet,34.95431,35.48429
3/16/2024,Daet,36.537586,36.192234
3/17/2024,Daet,34.655582,35.418236
3/18/2024,Daet,36.359486,36.295944
3/19/2024,Daet,35.773396,36.39927
3/20/2024,Daet,34.472298,35.081417
3/21/2024,Daet,34.32233,34.652985
3/22/2024,Daet,35.05889,35.42685
3/23/2024,Daet,36.067467,36.036728
3/24/2024,Daet,37.943714,37.18667
3/25/2024,Daet,35.978153,36.030304
3/26/2024,Daet,36.77423,36.975735
3/27/2024,Daet,38.339504,37.757103
3/28/2024,Daet,40.742416,38.868645
3/29/2024,Daet,39.16774,38.861614
3/30/2024,Daet,38.33213,38.218674
3/31/2024,Daet,39.1218,38.6085
4/1/2024,Daet,39.847458,39.742268
4/2/2024,Daet,40.910995,40.55107
4/3/2024,Daet,38.98426,39.940872
4/4/2024,Daet,40.58672,40.312256
4/5/2024,Daet,40.05909,40.37732
4/6/2024,Daet,41.679035,40.931683
4/7/2024,Daet,40.83694,40.900032
4/8/2024,Daet,40.680557,41.109165
4/9/2024,Daet,40.986782,41.049583
4/10/2024,Daet,39.351273,40.456497
4/11/2024,Daet,40.425514,40.857006
4/12/2024,Daet,39.98212,40.32786
4/13/2024,Daet,40.725586,40.624744
4/14/2024,Daet,41.092625,41.30087
4/15/2024,Daet,40.42419,40.809383
4/16/2024,Daet,39.019844,39.979282
4/17/2024,Daet,38.483105,39.41878
4/18/2024,Daet,40.80661,40.88951
4/19/2024,Daet,40.597797,41.372524
4/20/2024,Daet,40.60681,40.601013
4/21/2024,Daet,40.83278,41.090908
4/22/2024,Daet,42.0796,41.626198
4/23/2024,Daet,42.334057,42.32039
4/24/2024,Daet,41.74968,42.080505
4/25/2024,Daet,41.227985,42.207874
4/26/2024,Daet,42.768543,42.127197
4/27/2024,Daet,44.084515,43.40831
4/28/2024,Daet,43.67597,43.570564
4/29/2024,Daet,42.433792,42.743725
4/30/2024,Daet,43.11156,43.07163
5/1/2024,Daet,42.917496,43.344654
5/2/2024,Daet,42.184998,42.90162
5/3/2024,Daet,43.19891,43.17904
5/4/2024,Daet,43.341267,43.09331
5/5/2024,Daet,43.129593,43.160862
5/6/2024,Daet,42.64825,42.91452
5/7/2024,Daet,41.974636,42.308475
5/8/2024,Daet,42.607315,42.657696
5/9/2024,Daet,41.539394,42.467514
5/10/2024,Daet,42.49599,42.734528
5/11/2024,Daet,42.75002,42.89892
5/12/2024,Daet,42.34897,42.253716
5/13/2024,Daet,43.31305,42.817497
5/14/2024,Daet,42.56789,42.69027
5/15/2024,Daet,42.54951,42.33626
5/16/2024,Daet,42.268116,42.37921
5/17/2024,Daet,42.830303,42.339333
5/18/2024,Daet,41.82172,41.81014
5/19/2024,Daet,42.962067,43.06759
5/20/2024,Daet,44.338696,43.51076
5/21/2024,Daet,43.341785,43.29635
5/22/2024,Daet,42.83636,42.84815
5/23/2024,Daet,43.378975,43.66625
5/24/2024,Daet,44.33746,44.00211
5/25/2024,Daet,40.077385,42.026436
5/26/2024,Daet,39.08561,41.727165
5/27/2024,Daet,42.466633,42.609
5/28/2024,Daet,42.840458,43.295998
5/29/2024,Daet,42.494324,43.367954
5/30/2024,Daet,43.203617,43.31134
5/31/2024,Daet,44.003716,43.486637
3/1/2024,Dagupan,36.43921,37.568398
3/2/2024,Dagupan,37.815964,38.378124
3/3/2024,Dagupan,37.727684,38.126476
3/4/2024,Dagupan,38.80214,38.846737
3/5/2024,Dagupan,39.733643,38.98729
3/6/2024,Dagupan,38.60729,38.82199
3/7/2024,Dagupan,39.03908,38.989147
3/8/2024,Dagupan,39.22167,39.47421
3/9/2024,Dagupan,37.779476,38.80133
3/10/2024,Dagupan,38.78893,38.956234
3/11/2024,Dagupan,38.427246,38.504734
3/12/2024,Dagupan,36.382587,37.941788
3/13/2024,Dagupan,38.061485,38.222523
3/14/2024,Dagupan,38.76675,38.960938
3/15/2024,Dagupan,39.094685,39.401398
3/16/2024,Dagupan,38.459652,38.708126
3/17/2024,Dagupan,39.26863,39.29224
3/18/2024,Dagupan,39.581898,39.880165
3/19/2024,Dagupan,39.28149,39.51127
3/20/2024,Dagupan,38.88057,39.206917
3/21/2024,Dagupan,39.237724,39.282578
3/22/2024,Dagupan,39.077,39.088657
3/23/2024,Dagupan,38.926212,39.199757
3/24/2024,Dagupan,39.812836,39.745277
3/25/2024,Dagupan,40.51094,40.269135
3/26/2024,Dagupan,40.63265,40.782352
3/27/2024,Dagupan,42.518047,41.328403
3/28/2024,Dagupan,40.680744,41.128845
3/29/2024,Dagupan,41.97726,41.4756
3/30/2024,Dagupan,41.646687,41.6581
3/31/2024,Dagupan,41.848454,41.08622
4/1/2024,Dagupan,41.8176,41.610123
4/2/2024,Dagupan,41.46477,41.28562
4/3/2024,Dagupan,41.1254,41.45515
4/4/2024,Dagupan,41.52593,41.145275
4/5/2024,Dagupan,41.09044,41.38789
4/6/2024,Dagupan,40.758034,41.381138
4/7/2024,Dagupan,42.132477,41.836506
4/8/2024,Dagupan,42.31814,42.391212
4/9/2024,Dagupan,42.86112,42.41991
4/10/2024,Dagupan,43.665173,42.84323
4/11/2024,Dagupan,42.858997,42.320217
4/12/2024,Dagupan,43.067574,42.875473
4/13/2024,Dagupan,43.06028,42.64997
4/14/2024,Dagupan,43.21011,43.245525
4/15/2024,Dagupan,44.266357,43.853855
4/16/2024,Dagupan,43.56275,42.989014
4/17/2024,Dagupan,43.953964,43.31109
4/18/2024,Dagupan,43.249775,43.415512
4/19/2024,Dagupan,44.09501,43.644535
4/20/2024,Dagupan,43.61917,43.023075
4/21/2024,Dagupan,43.22777,42.957516
4/22/2024,Dagupan,43.935764,43.495018
4/23/2024,Dagupan,44.58546,43.780838
4/24/2024,Dagupan,44.11823,44.017307
4/25/2024,Dagupan,44.86692,43.74905
4/26/2024,Dagupan,44.609875,44.209038
4/27/2024,Dagupan,44.291508,44.205856
4/28/2024,Dagupan,44.951904,44.305344
4/29/2024,Dagupan,45.456947,44.55323
4/30/2024,Dagupan,45.444702,44.28352
5/1/2024,Dagupan,45.444973,44.54838
5/2/2024,Dagupan,45.977413,45.19111
5/3/2024,Dagupan,44.942184,44.871162
5/4/2024,Dagupan,45.39198,44.61102
5/5/2024,Dagupan,43.919163,43.412518
5/6/2024,Dagupan,45.599903,44.48522
5/7/2024,Dagupan,45.099133,44.25883
5/8/2024,Dagupan,45.55016,44.852486
5/9/2024,Dagupan,45.306602,44.496918
5/10/2024,Dagupan,44.985443,44.158134
5/11/2024,Dagupan,43.85761,43.40522
5/12/2024,Dagupan,45.8743,44.178135
5/13/2024,Dagupan,44.054646,44.15122
5/14/2024,Dagupan,45.70696,44.4841
5/15/2024,Dagupan,45.105984,44.38581
5/16/2024,Dagupan,45.573566,45.1403
5/17/2024,Dagupan,46.10243,45.77686
5/18/2024,Dagupan,45.261787,44.68065
5/19/2024,Dagupan,41.860016,43.431747
5/20/2024,Dagupan,45.38515,43.97472
5/21/2024,Dagupan,44.910778,44.432842
5/22/2024,Dagupan,46.15599,45.477436
5/23/2024,Dagupan,46.25367,45.19074
5/24/2024,Dagupan,45.761414,45.68305
5/25/2024,Dagupan,44.808746,44.935287
5/26/2024,Dagupan,43.50147,43.996433
5/27/2024,Dagupan,43.76786,43.961826
5/28/2024,Dagupan,43.691406,43.474255
5/29/2024,Dagupan,41.65536,42.769276
5/30/2024,Dagupan,43.994915,43.614136
5/31/2024,Dagupan,45.51926,44.52964
3/1/2024,Iba,35.340878,35.330017
3/2/2024,Iba,34.615627,35.231285
3/3/2024,Iba,34.21498,34.636585
3/4/2024,Iba,34.462254,34.982388
3/5/2024,Iba,36.027817,35.968582
3/6/2024,Iba,36.303547,36.446476
3/7/2024,Iba,36.683895,36.810913
3/8/2024,Iba,34.612514,35.292015
3/9/2024,Iba,34.93979,35.372654
3/10/2024,Iba,34.949837,35.508923
3/11/2024,Iba,35.746124,35.83708
3/12/2024,Iba,35.453907,35.91612
3/13/2024,Iba,36.31146,36.403183
3/14/2024,Iba,36.006783,36.125053
3/15/2024,Iba,35.81,35.97193
3/16/2024,Iba,35.92657,36.410152
3/17/2024,Iba,36.420376,36.2171
3/18/2024,Iba,36.003044,36.03484
3/19/2024,Iba,36.06437,36.115612
3/20/2024,Iba,35.869476,35.74296
3/21/2024,Iba,34.522896,35.091152
3/22/2024,Iba,36.66766,36.65451
3/23/2024,Iba,36.85456,36.977306
3/24/2024,Iba,36.387688,36.486027
3/25/2024,Iba,37.2627,37.005302
3/26/2024,Iba,37.759125,37.38089
3/27/2024,Iba,38.670734,38.330753
3/28/2024,Iba,38.453606,38.04005
3/29/2024,Iba,38.655975,38.553974
3/30/2024,Iba,38.09776,37.940712
3/31/2024,Iba,36.32631,36.588963
4/1/2024,Iba,37.224617,37.34434
4/2/2024,Iba,37.162796,37.29603
4/3/2024,Iba,36.757614,37.682304
4/4/2024,Iba,37.104713,37.71384
4/5/2024,Iba,37.922264,38.318592
4/6/2024,Iba,37.6776,38.158592
4/7/2024,Iba,38.151333,38.242836
4/8/2024,Iba,39.519947,39.05558
4/9/2024,Iba,39.6027,38.955437
4/10/2024,Iba,40.615967,40.16654
4/11/2024,Iba,39.00809,39.060917
4/12/2024,Iba,38.513783,38.85247
4/13/2024,Iba,39.474426,39.24384
4/14/2024,Iba,39.58908,39.7717
4/15/2024,Iba,41.19409,40.567566
4/16/2024,Iba,40.242916,39.98109
4/17/2024,Iba,40.374126,40.266403
4/18/2024,Iba,41.267574,40.630096
4/19/2024,Iba,40.537586,40.132626
4/20/2024,Iba,39.687317,39.83502
4/21/2024,Iba,40.071148,40.053024
4/22/2024,Iba,40.550106,40.44171
4/23/2024,Iba,41.003437,40.746952
4/24/2024,Iba,41.22484,41.292343
4/25/2024,Iba,41.695744,41.07642
4/26/2024,Iba,41.494473,41.093704
4/27/2024,Iba,42.61274,41.773876
4/28/2024,Iba,43.112114,42.817993
4/29/2024,Iba,43.12453,42.510113
4/30/2024,Iba,42.079105,41.77662
5/1/2024,Iba,42.952583,42.393177
5/2/2024,Iba,42.606457,42.11389
5/3/2024,Iba,42.990856,42.70414
5/4/2024,Iba,41.506084,41.73733
5/5/2024,Iba,41.739166,41.745857
5/6/2024,Iba,42.886974,41.892517
5/7/2024,Iba,43.1382,41.937206
5/8/2024,Iba,41.51371,41.265617
5/9/2024,Iba,42.21106,41.571648
5/10/2024,Iba,42.359673,42.25993
5/11/2024,Iba,40.434162,41.309998
5/12/2024,Iba,42.2662,41.663067
5/13/2024,Iba,43.358387,42.58281
5/14/2024,Iba,42.828373,42.87629
5/15/2024,Iba,41.648563,42.005135
5/16/2024,Iba,40.93605,40.85312
5/17/2024,Iba,41.006287,41.526844
5/18/2024,Iba,42.563423,42.321365
5/19/2024,Iba,42.186325,41.742813
5/20/2024,Iba,42.504913,42.339
5/21/2024,Iba,42.20566,42.125473
5/22/2024,Iba,42.916225,42.656036
5/23/2024,Iba,42.153904,42.12848
5/24/2024,Iba,43.481586,42.835575
5/25/2024,Iba,42.863083,42.701866
5/26/2024,Iba,40.99476,41.522133
5/27/2024,Iba,41.941235,42.052803
5/28/2024,Iba,40.60882,40.99223
5/29/2024,Iba,40.020866,41.04456
5/30/2024,Iba,41.50235,41.865925
5/31/2024,Iba,42.96395,43.063744
3/1/2024,Infanta,35.500347,35.298378
3/2/2024,Infanta,33.082928,34.077393
3/3/2024,Infanta,34.617504,34.9269
3/4/2024,Infanta,34.10385,35.041256
3/5/2024,Infanta,35.595055,35.464073
3/6/2024,Infanta,35.852108,35.731335
3/7/2024,Infanta,35.71048,36.06227
3/8/2024,Infanta,35.293213,35.761143
3/9/2024,Infanta,32.109406,34.891186
3/10/2024,Infanta,34.988823,35.72007
3/11/2024,Infanta,33.47301,35.226395
3/12/2024,Infanta,34.80576,36.18051
3/13/2024,Infanta,32.55167,34.49278
3/14/2024,Infanta,33.450542,34.83556
3/15/2024,Infanta,31.901459,34.936646
3/16/2024,Infanta,33.953346,35.074303
3/17/2024,Infanta,33.84053,34.517235
3/18/2024,Infanta,34.168285,34.455017
3/19/2024,Infanta,33.776672,34.37529
3/20/2024,Infanta,34.305042,34.989975
3/21/2024,Infanta,32.408955,33.77825
3/22/2024,Infanta,32.98933,34.267433
3/23/2024,Infanta,33.38709,34.56317
3/24/2024,Infanta,35.434788,34.646122
3/25/2024,Infanta,35.757168,35.073963
3/26/2024,Infanta,34.050484,35.271713
3/27/2024,Infanta,35.735302,35.917152
3/28/2024,Infanta,35.90271,35.95266
3/29/2024,Infanta,35.89832,36.146385
3/30/2024,Infanta,37.27905,36.739582
3/31/2024,Infanta,36.37448,36.56476
4/1/2024,Infanta,37.143307,36.676228
4/2/2024,Infanta,38.080193,37.253674
4/3/2024,Infanta,37.407993,37.529194
4/4/2024,Infanta,38.204144,37.830006
4/5/2024,Infanta,38.27108,38.00703
4/6/2024,Infanta,37.55928,37.95966
4/7/2024,Infanta,36.971004,36.78547
4/8/2024,Infanta,38.32345,38.589844
4/9/2024,Infanta,39.073303,39.068634
4/10/2024,Infanta,38.69378,38.806793
4/11/2024,Infanta,39.401516,39.549915
4/12/2024,Infanta,38.50894,39.06866
4/13/2024,Infanta,38.831295,39.284046
4/14/2024,Infanta,39.45287,39.558468
4/15/2024,Infanta,39.590694,39.72848
4/16/2024,Infanta,39.427917,40.113506
4/17/2024,Infanta,38.33358,38.469593
4/18/2024,Infanta,38.47552,38.670795
4/19/2024,Infanta,39.722633,39.63668
4/20/2024,Infanta,40.340466,40.383327
4/21/2024,Infanta,40.93321,40.772263
4/22/2024,Infanta,42.032448,41.504116
4/23/2024,Infanta,41.388966,40.72595
4/24/2024,Infanta,41.94734,41.6479
4/25/2024,Infanta,41.10402,40.882214
4/26/2024,Infanta,41.11678,40.82616
4/27/2024,Infanta,42.2413,42.150005
4/28/2024,Infanta,44.265068,43.20667
4/29/2024,Infanta,42.122208,42.179928
4/30/2024,Infanta,41.68848,41.95798
5/1/2024,Infanta,42.70133,42.681854
5/2/2024,Infanta,43.16294,42.84599
5/3/2024,Infanta,41.97594,42.048775
5/4/2024,Infanta,40.862118,40.900936
5/5/2024,Infanta,40.850388,41.07011
5/6/2024,Infanta,41.123756,40.885918
5/7/2024,Infanta,40.36132,39.948868
5/8/2024,Infanta,39.485706,39.64376
5/9/2024,Infanta,40.99765,41.174088
5/10/2024,Infanta,39.7919,40.62722
5/11/2024,Infanta,41.053658,41.120102
5/12/2024,Infanta,41.418587,41.268467
5/13/2024,Infanta,40.74381,41.04037
5/14/2024,Infanta,40.515686,40.88643
5/15/2024,Infanta,40.85395,41.236427
5/16/2024,Infanta,41.15602,41.32456
5/17/2024,Infanta,41.463646,41.978565
5/18/2024,Infanta,40.683685,41.439583
5/19/2024,Infanta,40.417217,41.376347
5/20/2024,Infanta,41.79977,41.83285
5/21/2024,Infanta,41.128853,41.87023
5/22/2024,Infanta,40.139442,40.606823
5/23/2024,Infanta,42.55524,41.033348
5/24/2024,Infanta,38.350773,39.224773
5/25/2024,Infanta,37.15964,39.593872
5/26/2024,Infanta,35.122643,38.58299
5/27/2024,Infanta,41.6848,41.189762
5/28/2024,Infanta,42.622818,42.335934
5/29/2024,Infanta,42.789978,42.147533
5/30/2024,Infanta,43.14281,42.12881
5/31/2024,Infanta,41.96007,41.431396
3/1/2024,Laoag,34.26984,34.71736
3/2/2024,Laoag,32.92311,33.716766
3/3/2024,Laoag,34.207687,34.438168
3/4/2024,Laoag,35.266853,35.104595
3/5/2024,Laoag,34.915436,35.14011
3/6/2024,Laoag,35.146336,35.332035
3/7/2024,Laoag,35.4305,35.332535
3/8/2024,Laoag,34.971188,35.284924
3/9/2024,Laoag,35.116127,35.097443
3/10/2024,Laoag,34.92646,35.31714
3/11/2024,Laoag,35.169804,35.105564
3/12/2024,Laoag,32.895252,33.635242
3/13/2024,Laoag,34.1706,34.828915
3/14/2024,Laoag,34.279472,34.532566
3/15/2024,Laoag,34.719597,34.8302
3/16/2024,Laoag,35.90383,35.89727
3/17/2024,Laoag,34.541405,34.760185
3/18/2024,Laoag,35.600517,35.659794
3/19/2024,Laoag,34.46825,34.661945
3/20/2024,Laoag,32.960735,33.893707
3/21/2024,Laoag,33.952335,34.569736
3/22/2024,Laoag,34.587124,34.81307
3/23/2024,Laoag,36.756584,36.353264
3/24/2024,Laoag,35.791748,35.76201
3/25/2024,Laoag,37.391174,36.928066
3/26/2024,Laoag,37.60116,37.13482
3/27/2024,Laoag,38.48595,37.90255
3/28/2024,Laoag,37.58835,37.609993
3/29/2024,Laoag,38.383953,37.635296
3/30/2024,Laoag,39.456326,38.181557
3/31/2024,Laoag,39.59831,38.61336
4/1/2024,Laoag,39.52014,38.54139
4/2/2024,Laoag,39.3114,38.811176
4/3/2024,Laoag,38.212666,38.47056
4/4/2024,Laoag,38.82318,38.570747
4/5/2024,Laoag,40.539394,40.166416
4/6/2024,Laoag,40.699562,40.37334
4/7/2024,Laoag,40.228737,40.033943
4/8/2024,Laoag,39.229164,39.311153
4/9/2024,Laoag,39.181698,39.62296
4/10/2024,Laoag,39.3139,39.61887
4/11/2024,Laoag,39.65775,40.021374
4/12/2024,Laoag,40.714542,40.484547
4/13/2024,Laoag,41.40049,40.81721
4/14/2024,Laoag,41.22918,40.761414
4/15/2024,Laoag,39.70522,39.97126
4/16/2024,Laoag,40.818684,40.45051
4/17/2024,Laoag,40.307384,40.257107
4/18/2024,Laoag,39.281612,39.7399
4/19/2024,Laoag,39.23186,39.773743
4/20/2024,Laoag,41.275307,41.04729
4/21/2024,Laoag,40.85461,40.85907
4/22/2024,Laoag,41.146175,41.230988
4/23/2024,Laoag,41.196583,41.036983
4/24/2024,Laoag,41.27315,41.139328
4/25/2024,Laoag,42.211117,41.669003
4/26/2024,Laoag,42.90268,42.218273
4/27/2024,Laoag,43.67997,43.019188
4/28/2024,Laoag,43.471615,42.879887
4/29/2024,Laoag,42.608196,42.34981
4/30/2024,Laoag,42.70734,42.353603
5/1/2024,Laoag,42.98519,42.65775
5/2/2024,Laoag,43.02697,42.609203
5/3/2024,Laoag,43.431374,43.0162
5/4/2024,Laoag,43.68355,43.009136
5/5/2024,Laoag,43.302322,42.75974
5/6/2024,Laoag,43.120346,42.682987
5/7/2024,Laoag,42.603554,42.47438
5/8/2024,Laoag,42.243145,42.464626
5/9/2024,Laoag,42.221138,42.045452
5/10/2024,Laoag,42.145767,42.08378
5/11/2024,Laoag,43.07089,42.71467
5/12/2024,Laoag,43.321793,43.118973
5/13/2024,Laoag,43.37769,43.335617
5/14/2024,Laoag,42.534245,42.27605
5/15/2024,Laoag,42.456524,42.22927
5/16/2024,Laoag,41.775288,41.937874
5/17/2024,Laoag,42.43935,43.006523
5/18/2024,Laoag,42.957817,42.662445
5/19/2024,Laoag,42.204132,42.186188
5/20/2024,Laoag,42.87548,42.53473
5/21/2024,Laoag,43.03539,43.02729
5/22/2024,Laoag,42.77526,42.328156
5/23/2024,Laoag,44.196136,43.2389
5/24/2024,Laoag,44.63934,44.076584
5/25/2024,Laoag,45.213528,44.06826
5/26/2024,Laoag,44.29909,44.03005
5/27/2024,Laoag,43.384193,43.308903
5/28/2024,Laoag,42.70466,43.003563
5/29/2024,Laoag,42.24354,42.399197
5/30/2024,Laoag,44.014755,43.893116
5/31/2024,Laoag,43.5374,43.98489
3/1/2024,Legazpi,36.166645,36.209232
3/2/2024,Legazpi,35.244064,35.62739
3/3/2024,Legazpi,35.27698,35.5546
3/4/2024,Legazpi,35.678123,36.041416
3/5/2024,Legazpi,37.17703,36.675343
3/6/2024,Legazpi,37.188007,36.847034
3/7/2024,Legazpi,36.524128,36.665916
3/8/2024,Legazpi,35.72508,35.554176
3/9/2024,Legazpi,36.014503,36.27237
3/10/2024,Legazpi,34.489,36.211987
3/11/2024,Legazpi,36.20455,36.412716
3/12/2024,Legazpi,37.07571,37.170063
3/13/2024,Legazpi,36.45047,36.200188
3/14/2024,Legazpi,35.307335,35.87451
3/15/2024,Legazpi,37.151363,37.102543
3/16/2024,Legazpi,36.90724,37.103436
3/17/2024,Legazpi,36.257442,36.900173
3/18/2024,Legazpi,34.68046,35.52161
3/19/2024,Legazpi,35.930122,36.175262
3/20/2024,Legazpi,36.61753,36.581154
3/21/2024,Legazpi,36.289665,36.095097
3/22/2024,Legazpi,36.67973,36.592052
3/23/2024,Legazpi,36.50989,36.66982
3/24/2024,Legazpi,36.444794,36.47518
3/25/2024,Legazpi,37.05618,37.056026
3/26/2024,Legazpi,38.541637,37.99173
3/27/2024,Legazpi,37.661766,37.75638
3/28/2024,Legazpi,38.83203,37.74799
3/29/2024,Legazpi,37.984524,38.104618
3/30/2024,Legazpi,37.096718,37.45801
3/31/2024,Legazpi,37.59782,37.56505
4/1/2024,Legazpi,37.7081,37.56313
4/2/2024,Legazpi,38.32578,38.31433
4/3/2024,Legazpi,38.40473,38.29106
4/4/2024,Legazpi,38.658825,38.078415
4/5/2024,Legazpi,38.640495,38.493885
4/6/2024,Legazpi,38.432926,38.441975
4/7/2024,Legazpi,38.281048,38.52209
4/8/2024,Legazpi,39.410244,39.164948
4/9/2024,Legazpi,38.605175,38.41938
4/10/2024,Legazpi,38.59381,38.901237
4/11/2024,Legazpi,39.148785,38.884594
4/12/2024,Legazpi,39.191883,39.040512
4/13/2024,Legazpi,39.616062,39.3437
4/14/2024,Legazpi,40.1785,39.738873
4/15/2024,Legazpi,40.06899,39.71377
4/16/2024,Legazpi,39.49528,39.342857
4/17/2024,Legazpi,40.10404,39.725914
4/18/2024,Legazpi,40.136066,39.824802
4/19/2024,Legazpi,40.658466,40.36488
4/20/2024,Legazpi,40.576996,40.264866
4/21/2024,Legazpi,40.9115,40.405468
4/22/2024,Legazpi,40.662464,40.40979
4/23/2024,Legazpi,41.97536,41.352768
4/24/2024,Legazpi,41.305874,41.03023
4/25/2024,Legazpi,40.177765,40.622654
4/26/2024,Legazpi,41.75077,41.52047
4/27/2024,Legazpi,42.3201,41.76935
4/28/2024,Legazpi,42.62927,42.1185
4/29/2024,Legazpi,40.649097,41.069195
4/30/2024,Legazpi,41.831528,41.661343
5/1/2024,Legazpi,41.172623,41.33956
5/2/2024,Legazpi,40.785423,40.95473
5/3/2024,Legazpi,40.80375,40.87529
5/4/2024,Legazpi,40.715687,40.67489
5/5/2024,Legazpi,40.879513,40.997036
5/6/2024,Legazpi,41.215702,41.08184
5/7/2024,Legazpi,42.0143,41.73654
5/8/2024,Legazpi,41.63967,41.726116
5/9/2024,Legazpi,42.196053,41.942142
5/10/2024,Legazpi,41.4974,41.45519
5/11/2024,Legazpi,42.260464,42.02687
5/12/2024,Legazpi,41.775986,41.39073
5/13/2024,Legazpi,42.145893,41.74153
5/14/2024,Legazpi,41.99454,41.865166
5/15/2024,Legazpi,42.09689,41.741257
5/16/2024,Legazpi,41.825584,41.748413
5/17/2024,Legazpi,42.11475,41.741474
5/18/2024,Legazpi,41.928173,41.69996
5/19/2024,Legazpi,42.359608,42.071
5/20/2024,Legazpi,42.01125,41.840946
5/21/2024,Legazpi,41.983295,41.81921
5/22/2024,Legazpi,42.149033,42.09593
5/23/2024,Legazpi,42.276936,42.542244
5/24/2024,Legazpi,40.277973,40.881893
5/25/2024,Legazpi,40.333633,40.692184
5/26/2024,Legazpi,41.049667,40.815533
5/27/2024,Legazpi,40.70244,40.70617
5/28/2024,Legazpi,41.636837,41.4072
5/29/2024,Legazpi,41.2882,41.455086
5/30/2024,Legazpi,42.29561,42.48253
5/31/2024,Legazpi,44.423683,43.328026
3/1/2024,NAIA,35.18799,35.62688
3/2/2024,NAIA,34.67511,35.227962
3/3/2024,NAIA,35.184177,35.337074
3/4/2024,NAIA,36.142536,35.88146
3/5/2024,NAIA,35.438404,35.591293
3/6/2024,NAIA,36.471104,36.331585
3/7/2024,NAIA,36.1867,36.33247
3/8/2024,NAIA,36.02346,36.124775
3/9/2024,NAIA,35.496727,35.32229
3/10/2024,NAIA,34.979515,35.592564
3/11/2024,NAIA,35.428967,35.607788
3/12/2024,NAIA,36.96524,36.600586
3/13/2024,NAIA,35.773937,36.094532
3/14/2024,NAIA,35.603344,36.227623
3/15/2024,NAIA,35.0721,35.80442
3/16/2024,NAIA,35.98661,36.612972
3/17/2024,NAIA,35.90408,36.21119
3/18/2024,NAIA,35.49904,36.114254
3/19/2024,NAIA,35.500263,36.03428
3/20/2024,NAIA,35.125072,35.900078
3/21/2024,NAIA,33.864994,34.661274
3/22/2024,NAIA,34.679058,35.29132
3/23/2024,NAIA,36.74697,36.794346
3/24/2024,NAIA,36.87533,36.78729
3/25/2024,NAIA,36.52943,36.626465
3/26/2024,NAIA,39.394123,38.40978
3/27/2024,NAIA,39.883778,38.725994
3/28/2024,NAIA,39.186512,38.951572
3/29/2024,NAIA,39.818848,39.471615
3/30/2024,NAIA,38.29897,38.38285
3/31/2024,NAIA,38.353165,38.164158
4/1/2024,NAIA,39.006638,39.04369
4/2/2024,NAIA,38.793034,38.853897
4/3/2024,NAIA,38.920776,38.876026
4/4/2024,NAIA,39.09849,39.234783
4/5/2024,NAIA,39.00014,39.195885
4/6/2024,NAIA,38.870068,38.957397
4/7/2024,NAIA,38.806984,38.914043
4/8/2024,NAIA,39.005234,39.10383
4/9/2024,NAIA,39.01193,39.24957
4/10/2024,NAIA,40.0406,39.721073
4/11/2024,NAIA,39.41469,39.393772
4/12/2024,NAIA,39.13929,39.006516
4/13/2024,NAIA,39.322334,39.48788
4/14/2024,NAIA,39.67129,40.11911
4/15/2024,NAIA,40.455173,40.3047
4/16/2024,NAIA,40.18955,40.05812
4/17/2024,NAIA,40.014103,40.058662
4/18/2024,NAIA,40.256718,40.359665
4/19/2024,NAIA,39.772274,39.738174
4/20/2024,NAIA,40.08014,39.81039
4/21/2024,NAIA,39.989124,39.704212
4/22/2024,NAIA,40.248466,40.11871
4/23/2024,NAIA,40.968826,41.064823
4/24/2024,NAIA,41.719604,41.465317
4/25/2024,NAIA,41.59114,41.45137
4/26/2024,NAIA,41.369465,41.208473
4/27/2024,NAIA,41.803432,41.920746
4/28/2024,NAIA,42.48905,41.97452
4/29/2024,NAIA,41.19299,41.13184
4/30/2024,NAIA,41.7579,41.499504
5/1/2024,NAIA,41.83852,41.626404
5/2/2024,NAIA,41.09129,41.07034
5/3/2024,NAIA,40.93448,40.828007
5/4/2024,NAIA,40.98106,41.526546
5/5/2024,NAIA,41.78641,41.295086
5/6/2024,NAIA,41.745808,42.29933
5/7/2024,NAIA,41.969658,41.628407
5/8/2024,NAIA,41.68523,41.82163
5/9/2024,NAIA,42.272472,41.59017
5/10/2024,NAIA,40.984726,41.725742
5/11/2024,NAIA,41.37548,41.416412
5/12/2024,NAIA,42.077385,41.688034
5/13/2024,NAIA,42.151142,41.584126
5/14/2024,NAIA,41.95278,42.113335
5/15/2024,NAIA,42.691536,42.50274
5/16/2024,NAIA,43.02357,42.20879
5/17/2024,NAIA,42.47521,42.12372
5/18/2024,NAIA,42.728344,42.25669
5/19/2024,NAIA,42.028538,41.976337
5/20/2024,NAIA,42.78635,41.78631
5/21/2024,NAIA,41.85738,41.515545
5/22/2024,NAIA,41.636307,41.95901
5/23/2024,NAIA,42.045147,41.390846
5/24/2024,NAIA,41.98969,41.682
5/25/2024,NAIA,38.84069,40.521244
5/26/2024,NAIA,39.070164,39.345013
5/27/2024,NAIA,39.731747,39.536304
5/28/2024,NAIA,40.231403,40.59519
5/29/2024,NAIA,39.622623,40.089657
5/30/2024,NAIA,41.939938,41.029068
5/31/2024,NAIA,42.31062,41.725174
3/1/2024,Puerto Princesa,37.159775,37.061115
3/2/2024,Puerto Princesa,36.64929,36.87659
3/3/2024,Puerto Princesa,36.068424,36.27319
3/4/2024,Puerto Princesa,36.587547,36.82308
3/5/2024,Puerto Princesa,36.838367,36.946823
3/6/2024,Puerto Princesa,37.265854,37.118397
3/7/2024,Puerto Princesa,37.74483,37.750725
3/8/2024,Puerto Princesa,36.942566,37.215317
3/9/2024,Puerto Princesa,36.935547,37.00507
3/10/2024,Puerto Princesa,36.819046,36.72993
3/11/2024,Puerto Princesa,36.194096,36.490128
3/12/2024,Puerto Princesa,37.202072,37.349346
3/13/2024,Puerto Princesa,37.998215,37.7933
3/14/2024,Puerto Princesa,37.3141,37.15271
3/15/2024,Puerto Princesa,38.384243,38.043137
3/16/2024,Puerto Princesa,37.92672,38.104874
3/17/2024,Puerto Princesa,37.714165,37.943336
3/18/2024,Puerto Princesa,37.368145,37.635742
3/19/2024,Puerto Princesa,37.291862,37.709064
3/20/2024,Puerto Princesa,38.376175,38.217342
3/21/2024,Puerto Princesa,37.63012,37.939564
3/22/2024,Puerto Princesa,38.51508,38.419296
3/23/2024,Puerto Princesa,38.947098,38.93
3/24/2024,Puerto Princesa,40.3282,39.617165
3/25/2024,Puerto Princesa,39.655636,39.314423
3/26/2024,Puerto Princesa,40.30989,39.737354
3/27/2024,Puerto Princesa,41.500343,40.607258
3/28/2024,Puerto Princesa,40.704746,40.35541
3/29/2024,Puerto Princesa,39.597385,39.389416
3/30/2024,Puerto Princesa,40.42473,40.049713
3/31/2024,Puerto Princesa,39.39648,39.227356
4/1/2024,Puerto Princesa,39.88916,40.381287
4/2/2024,Puerto Princesa,39.969135,40.152687
4/3/2024,Puerto Princesa,40.178696,40.290615
4/4/2024,Puerto Princesa,40.249622,40.2818
4/5/2024,Puerto Princesa,40.30048,40.447376
4/6/2024,Puerto Princesa,41.446434,41.177353
4/7/2024,Puerto Princesa,40.613735,40.914196
4/8/2024,Puerto Princesa,40.323532,40.545536
4/9/2024,Puerto Princesa,41.42532,41.57302
4/10/2024,Puerto Princesa,41.0767,41.03124
4/11/2024,Puerto Princesa,40.992363,41.059162
4/12/2024,Puerto Princesa,41.030163,41.076847
4/13/2024,Puerto Princesa,40.96416,41.7127
4/14/2024,Puerto Princesa,41.85805,41.69667
4/15/2024,Puerto Princesa,40.552464,40.696632
4/16/2024,Puerto Princesa,41.681065,41.88385
4/17/2024,Puerto Princesa,41.253563,41.963055
4/18/2024,Puerto Princesa,41.48946,41.372375
4/19/2024,Puerto Princesa,41.77618,41.722435
4/20/2024,Puerto Princesa,40.80247,41.115475
4/21/2024,Puerto Princesa,42.72894,42.456398
4/22/2024,Puerto Princesa,43.752926,43.000584
4/23/2024,Puerto Princesa,43.067978,42.61071
4/24/2024,Puerto Princesa,43.20121,42.931686
4/25/2024,Puerto Princesa,42.564594,42.200474
4/26/2024,Puerto Princesa,41.896614,41.945713
4/27/2024,Puerto Princesa,42.36994,42.233692
4/28/2024,Puerto Princesa,42.506214,42.275394
4/29/2024,Puerto Princesa,42.109474,41.979725
4/30/2024,Puerto Princesa,43.230488,43.02301
5/1/2024,Puerto Princesa,42.329372,42.334686
5/2/2024,Puerto Princesa,41.619812,42.215157
5/3/2024,Puerto Princesa,42.055935,42.03348
5/4/2024,Puerto Princesa,42.310432,42.46172
5/5/2024,Puerto Princesa,42.3957,42.21192
5/6/2024,Puerto Princesa,43.132668,42.864826
5/7/2024,Puerto Princesa,42.15915,42.09157
5/8/2024,Puerto Princesa,43.134525,42.92583
5/9/2024,Puerto Princesa,43.18365,43.000637
5/10/2024,Puerto Princesa,43.167892,42.900497
5/11/2024,Puerto Princesa,43.08846,42.90297
5/12/2024,Puerto Princesa,43.065598,42.91325
5/13/2024,Puerto Princesa,43.23724,43.02605
5/14/2024,Puerto Princesa,42.467735,42.221226
5/15/2024,Puerto Princesa,42.004173,42.053173
5/16/2024,Puerto Princesa,42.525497,42.697662
5/17/2024,Puerto Princesa,42.60625,42.48172
5/18/2024,Puerto Princesa,42.847137,42.37299
5/19/2024,Puerto Princesa,42.58673,42.470833
5/20/2024,Puerto Princesa,42.529263,42.413956
5/21/2024,Puerto Princesa,42.952606,42.6787
5/22/2024,Puerto Princesa,43.440334,42.96215
5/23/2024,Puerto Princesa,43.560772,43.097504
5/24/2024,Puerto Princesa,42.828617,42.98647
5/25/2024,Puerto Princesa,43.20657,42.8747
5/26/2024,Puerto Princesa,42.626858,41.55076
5/27/2024,Puerto Princesa,41.477707,41.69451
5/28/2024,Puerto Princesa,42.064182,42.025524
5/29/2024,Puerto Princesa,39.41109,40.798557
5/30/2024,Puerto Princesa,41.80335,41.809902
5/31/2024,Puerto Princesa,41.54393,42.076744
3/1/2024,San Jose,36.99319,37.448128
3/2/2024,San Jose,37.05065,37.049854
3/3/2024,San Jose,37.34047,37.695553
3/4/2024,San Jose,38.32822,38.07795
3/5/2024,San Jose,38.329678,38.365364
3/6/2024,San Jose,38.068962,37.976463
3/7/2024,San Jose,37.573017,37.76089
3/8/2024,San Jose,38.007244,38.169243
3/9/2024,San Jose,37.277298,37.768295
3/10/2024,San Jose,37.358578,37.887665
3/11/2024,San Jose,38.602245,38.37303
3/12/2024,San Jose,38.165043,38.41378
3/13/2024,San Jose,38.78036,38.544968
3/14/2024,San Jose,38.874004,38.73553
3/15/2024,San Jose,39.036686,39.157696
3/16/2024,San Jose,39.68174,39.63443
3/17/2024,San Jose,39.906593,39.730515
3/18/2024,San Jose,38.419,38.942528
3/19/2024,San Jose,38.570915,38.42535
3/20/2024,San Jose,38.199894,38.18658
3/21/2024,San Jose,38.249943,38.21787
3/22/2024,San Jose,39.003197,38.757248
3/23/2024,San Jose,39.570633,39.393105
3/24/2024,San Jose,39.360336,39.59071
3/25/2024,San Jose,40.89376,40.31417
3/26/2024,San Jose,42.341454,41.488747
3/27/2024,San Jose,42.916412,42.01604
3/28/2024,San Jose,41.30539,41.454563
3/29/2024,San Jose,40.968853,40.831783
3/30/2024,San Jose,40.471622,40.390915
3/31/2024,San Jose,42.115883,41.592762
4/1/2024,San Jose,42.114697,41.772205
4/2/2024,San Jose,41.203033,40.99916
4/3/2024,San Jose,41.33993,41.346035
4/4/2024,San Jose,41.452805,41.611664
4/5/2024,San Jose,41.354553,41.081703
4/6/2024,San Jose,41.266575,41.34354
4/7/2024,San Jose,41.74648,42.094296
4/8/2024,San Jose,43.04787,42.722366
4/9/2024,San Jose,42.67221,42.158867
4/10/2024,San Jose,42.146343,41.9044
4/11/2024,San Jose,42.25268,42.340725
4/12/2024,San Jose,41.70938,42.170433
4/13/2024,San Jose,41.699345,41.572823
4/14/2024,San Jose,41.87081,42.652
4/15/2024,San Jose,43.59865,43.095196
4/16/2024,San Jose,42.398537,42.81987
4/17/2024,San Jose,42.88774,43.015774
4/18/2024,San Jose,42.388367,42.03172
4/19/2024,San Jose,41.851135,41.872986
4/20/2024,San Jose,42.150406,42.145405
4/21/2024,San Jose,41.931644,42.33852
4/22/2024,San Jose,42.413643,42.791874
4/23/2024,San Jose,43.01405,43.749527
4/24/2024,San Jose,43.204296,43.61598
4/25/2024,San Jose,42.8719,42.408493
4/26/2024,San Jose,42.810215,42.75356
4/27/2024,San Jose,42.918743,42.837147
4/28/2024,San Jose,42.68352,42.583015
4/29/2024,San Jose,42.782017,42.92873
4/30/2024,San Jose,43.146503,43.360687
5/1/2024,San Jose,42.757442,42.85487
5/2/2024,San Jose,42.94784,42.709995
5/3/2024,San Jose,43.108738,43.39403
5/4/2024,San Jose,42.795254,42.95809
5/5/2024,San Jose,43.744576,43.074413
5/6/2024,San Jose,43.2459,42.792
5/7/2024,San Jose,42.790073,42.62153
5/8/2024,San Jose,43.323757,42.840637
5/9/2024,San Jose,43.299957,43.152973
5/10/2024,San Jose,43.4333,43.49038
5/11/2024,San Jose,43.552986,43.173023
5/12/2024,San Jose,43.030552,43.27965
5/13/2024,San Jose,43.79115,43.624916
5/14/2024,San Jose,43.656,43.51014
5/15/2024,San Jose,43.536556,42.9286
5/16/2024,San Jose,43.18692,42.759373
5/17/2024,San Jose,43.702484,42.937817
5/18/2024,San Jose,43.67498,43.541637
5/19/2024,San Jose,43.634075,43.123585
5/20/2024,San Jose,43.49724,43.547855
5/21/2024,San Jose,43.536484,42.82676
5/22/2024,San Jose,43.01583,42.61349
5/23/2024,San Jose,43.404583,43.50959
5/24/2024,San Jose,42.221653,42.212204
5/25/2024,San Jose,40.556427,41.64187
5/26/2024,San Jose,40.45392,40.58673
5/27/2024,San Jose,40.967648,41.011078
5/28/2024,San Jose,39.100132,40.438522
5/29/2024,San Jose,39.584076,40.182064
5/30/2024,San Jose,42.63229,42.256935
5/31/2024,San Jose,43.000565,42.89313
3/1/2024,Sangley Point,36.666195,37.411816
3/2/2024,Sangley Point,35.919483,36.85184
3/3/2024,Sangley Point,35.57382,36.916725
3/4/2024,Sangley Point,37.112846,37.422028
3/5/2024,Sangley Point,36.455177,37.19479
3/6/2024,Sangley Point,38.4694,38.51436
3/7/2024,Sangley Point,37.932495,38.29344
3/8/2024,Sangley Point,36.420723,37.275204
3/9/2024,Sangley Point,35.567326,36.723576
3/10/2024,Sangley Point,36.17944,37.198414
3/11/2024,Sangley Point,36.236958,37.380444
3/12/2024,Sangley Point,37.76211,38.081936
3/13/2024,Sangley Point,36.477474,37.457375
3/14/2024,Sangley Point,37.232204,37.948406
3/15/2024,Sangley Point,36.4579,37.19921
3/16/2024,Sangley Point,37.26404,38.00598
3/17/2024,Sangley Point,37.63182,38.48499
3/18/2024,Sangley Point,36.972008,37.80771
3/19/2024,Sangley Point,37.5146,37.8814
3/20/2024,Sangley Point,36.347633,36.86754
3/21/2024,Sangley Point,36.060307,36.70081
3/22/2024,Sangley Point,35.478123,36.908463
3/23/2024,Sangley Point,37.393566,37.9213
3/24/2024,Sangley Point,37.690098,38.455063
3/25/2024,Sangley Point,37.915592,38.226
3/26/2024,Sangley Point,40.545166,40.237965
3/27/2024,Sangley Point,42.038124,40.547363
3/28/2024,Sangley Point,41.54728,40.936058
3/29/2024,Sangley Point,41.48644,41.369556
3/30/2024,Sangley Point,40.49598,40.36328
3/31/2024,Sangley Point,40.489803,40.556152
4/1/2024,Sangley Point,41.876827,41.976025
4/2/2024,Sangley Point,41.628193,41.780724
4/3/2024,Sangley Point,41.74513,41.8511
4/4/2024,Sangley Point,41.251575,41.81343
4/5/2024,Sangley Point,41.640186,41.92395
4/6/2024,Sangley Point,41.200356,41.73799
4/7/2024,Sangley Point,41.722446,42.106236
4/8/2024,Sangley Point,41.487934,41.888264
4/9/2024,Sangley Point,42.308567,42.49498
4/10/2024,Sangley Point,41.802994,42.528313
4/11/2024,Sangley Point,41.66761,42.257236
4/12/2024,Sangley Point,41.523182,42.014153
4/13/2024,Sangley Point,41.978134,42.17818
4/14/2024,Sangley Point,41.966602,42.82161
4/15/2024,Sangley Point,43.198837,43.04076
4/16/2024,Sangley Point,43.072426,43.381073
4/17/2024,Sangley Point,42.82532,43.008923
4/18/2024,Sangley Point,43.39235,43.38048
4/19/2024,Sangley Point,42.230045,42.9864
4/20/2024,Sangley Point,42.37427,42.969044
4/21/2024,Sangley Point,42.100132,42.350952
4/22/2024,Sangley Point,42.502953,42.80639
4/23/2024,Sangley Point,43.676914,43.344406
4/24/2024,Sangley Point,43.85551,43.506588
4/25/2024,Sangley Point,43.960186,43.302887
4/26/2024,Sangley Point,43.16015,43.461487
4/27/2024,Sangley Point,43.41245,43.203907
4/28/2024,Sangley Point,43.44225,43.39174
4/29/2024,Sangley Point,42.601116,42.803043
4/30/2024,Sangley Point,43.294075,43.44635
5/1/2024,Sangley Point,42.972378,42.386528
5/2/2024,Sangley Point,41.906235,42.414196
5/3/2024,Sangley Point,42.033386,42.69006
5/4/2024,Sangley Point,41.97009,42.362766
5/5/2024,Sangley Point,42.500496,43.0274
5/6/2024,Sangley Point,42.775215,42.958202
5/7/2024,Sangley Point,42.668793,42.8504
5/8/2024,Sangley Point,42.72441,42.450886
5/9/2024,Sangley Point,42.618256,42.6784
5/10/2024,Sangley Point,41.941906,42.3221
5/11/2024,Sangley Point,41.885086,42.220325
5/12/2024,Sangley Point,42.3716,42.625607
5/13/2024,Sangley Point,42.791855,42.550045
5/14/2024,Sangley Point,43.68225,43.338253
5/15/2024,Sangley Point,43.599693,43.18289
5/16/2024,Sangley Point,44.545467,43.92739
5/17/2024,Sangley Point,44.244488,43.678402
5/18/2024,Sangley Point,44.37832,43.746353
5/19/2024,Sangley Point,44.223022,43.71901
5/20/2024,Sangley Point,44.500694,43.384174
5/21/2024,Sangley Point,44.1163,43.226696
5/22/2024,Sangley Point,43.83707,43.552723
5/23/2024,Sangley Point,43.30999,43.340633
5/24/2024,Sangley Point,43.800842,42.97445
5/25/2024,Sangley Point,42.195225,42.298508
5/26/2024,Sangley Point,38.925434,40.57253
5/27/2024,Sangley Point,41.687557,41.514297
5/28/2024,Sangley Point,42.61075,42.55215
5/29/2024,Sangley Point,41.9293,42.41718
5/30/2024,Sangley Point,43.959263,42.88798
5/31/2024,Sangley Point,43.99484,43.38428
3/1/2024,Science Garden,34.057056,34.317883
3/2/2024,Science Garden,33.615063,34.029446
3/3/2024,Science Garden,34.36264,34.460487
3/4/2024,Science Garden,34.40332,34.600956
3/5/2024,Science Garden,34.996113,35.263042
3/6/2024,Science Garden,36.306393,35.888245
3/7/2024,Science Garden,35.545746,35.433357
3/8/2024,Science Garden,34.792904,35.073795
3/9/2024,Science Garden,33.323803,33.964947
3/10/2024,Science Garden,33.945984,34.56951
3/11/2024,Science Garden,33.690178,34.755634
3/12/2024,Science Garden,35.163986,35.5502
3/13/2024,Science Garden,34.566235,35.173115
3/14/2024,Science Garden,34.50218,34.775215
3/15/2024,Science Garden,33.56106,34.46044
3/16/2024,Science Garden,34.441235,34.80006
3/17/2024,Science Garden,34.877525,35.18203
3/18/2024,Science Garden,34.608215,34.81632
3/19/2024,Science Garden,34.084995,34.591396
3/20/2024,Science Garden,34.225887,34.7068
3/21/2024,Science Garden,32.2425,33.47032
3/22/2024,Science Garden,32.783016,34.556866
3/23/2024,Science Garden,34.72601,35.08206
3/24/2024,Science Garden,35.553978,35.440407
3/25/2024,Science Garden,36.69503,36.112923
3/26/2024,Science Garden,36.38055,36.10328
3/27/2024,Science Garden,36.754646,36.655872
3/28/2024,Science Garden,37.866493,37.709034
3/29/2024,Science Garden,38.396793,37.29647
3/30/2024,Science Garden,37.022068,36.857826
3/31/2024,Science Garden,36.72299,36.44021
4/1/2024,Science Garden,37.375538,37.35745
4/2/2024,Science Garden,37.26952,37.19589
4/3/2024,Science Garden,36.9309,37.37746
4/4/2024,Science Garden,37.159092,37.545536
4/5/2024,Science Garden,37.516556,37.933506
4/6/2024,Science Garden,35.856415,36.933144
4/7/2024,Science Garden,36.791492,37.021095
4/8/2024,Science Garden,37.235653,37.1568
4/9/2024,Science Garden,37.375587,37.2147
4/10/2024,Science Garden,37.336525,37.49528
4/11/2024,Science Garden,37.672073,37.53252
4/12/2024,Science Garden,37.386616,37.365265
4/13/2024,Science Garden,37.595894,37.531628
4/14/2024,Science Garden,38.215202,38.436096
4/15/2024,Science Garden,38.17784,38.2454
4/16/2024,Science Garden,37.815407,38.1698
4/17/2024,Science Garden,37.88103,38.14884
4/18/2024,Science Garden,38.413773,38.5773
4/19/2024,Science Garden,37.98887,38.452618
4/20/2024,Science Garden,38.56259,38.523273
4/21/2024,Science Garden,38.56883,38.48908
4/22/2024,Science Garden,39.263638,38.950264
4/23/2024,Science Garden,40.01445,39.66812
4/24/2024,Science Garden,39.971493,39.883797
4/25/2024,Science Garden,40.313328,40.03005
4/26/2024,Science Garden,40.06432,39.690502
4/27/2024,Science Garden,40.630856,40.16862
4/28/2024,Science Garden,40.879185,40.260155
4/29/2024,Science Garden,40.60419,40.318043
4/30/2024,Science Garden,40.661617,39.958748
5/1/2024,Science Garden,40.52181,40.05762
5/2/2024,Science Garden,40.38805,40.047245
5/3/2024,Science Garden,39.119118,39.7144
5/4/2024,Science Garden,39.296085,39.682747
5/5/2024,Science Garden,39.1928,39.705696
5/6/2024,Science Garden,39.57534,40.437084
5/7/2024,Science Garden,39.614677,40.0691
5/8/2024,Science Garden,39.166634,39.853413
5/9/2024,Science Garden,39.858353,40.034943
5/10/2024,Science Garden,39.82764,39.88862
5/11/2024,Science Garden,39.389313,39.527206
5/12/2024,Science Garden,40.41322,40.197884
5/13/2024,Science Garden,40.061592,39.970238
5/14/2024,Science Garden,40.335148,40.181076
5/15/2024,Science Garden,39.883682,39.990932
5/16/2024,Science Garden,41.26029,40.85186
5/17/2024,Science Garden,41.006905,40.98808
5/18/2024,Science Garden,41.60095,41.306904
5/19/2024,Science Garden,40.967358,41.130333
5/20/2024,Science Garden,40.66937,40.81327
5/21/2024,Science Garden,41.24837,41.20153
5/22/2024,Science Garden,40.57701,40.621674
5/23/2024,Science Garden,40.452614,40.37764
5/24/2024,Science Garden,39.912125,40.40323
5/25/2024,Science Garden,39.07305,39.14023
5/26/2024,Science Garden,37.94092,37.607056
5/27/2024,Science Garden,39.466507,38.49369
5/28/2024,Science Garden,40.22833,39.89762
5/29/2024,Science Garden,39.277374,39.660427
5/30/2024,Science Garden,40.575165,40.31847
5/31/2024,Science Garden,40.60043,40.469772
3/1/2024,Sinait,33.405403,33.983837
3/2/2024,Sinait,32.237686,32.6966
3/3/2024,Sinait,33.172672,33.509678
3/4/2024,Sinait,34.147976,34.309036
3/5/2024,Sinait,33.785423,34.02281
3/6/2024,Sinait,33.84221,34.08723
3/7/2024,Sinait,33.828094,34.036972
3/8/2024,Sinait,33.915634,34.023994
3/9/2024,Sinait,34.466393,34.260723
3/10/2024,Sinait,33.30486,33.500275
3/11/2024,Sinait,33.9022,33.929623
3/12/2024,Sinait,33.20053,33.600586
3/13/2024,Sinait,32.939972,33.08913
3/14/2024,Sinait,33.45357,33.758503
3/15/2024,Sinait,34.022076,34.05831
3/16/2024,Sinait,34.574852,34.72024
3/17/2024,Sinait,34.51734,34.45493
3/18/2024,Sinait,34.64111,34.811077
3/19/2024,Sinait,34.11695,34.233894
3/20/2024,Sinait,34.26565,34.591858
3/21/2024,Sinait,33.270443,33.63857
3/22/2024,Sinait,33.93325,34.238396
3/23/2024,Sinait,35.372505,35.079117
3/24/2024,Sinait,34.881485,34.686005
3/25/2024,Sinait,35.872868,35.51693
3/26/2024,Sinait,36.555622,35.806236
3/27/2024,Sinait,36.913517,36.12325
3/28/2024,Sinait,35.63153,35.399193
3/29/2024,Sinait,36.799316,35.738533
3/30/2024,Sinait,38.31176,37.603558
3/31/2024,Sinait,38.3334,37.27123
4/1/2024,Sinait,38.031,37.499233
4/2/2024,Sinait,38.067753,37.376858
4/3/2024,Sinait,36.75074,36.747894
4/4/2024,Sinait,37.92563,37.394894
4/5/2024,Sinait,39.00186,38.35699
4/6/2024,Sinait,38.94307,38.269688
4/7/2024,Sinait,38.77502,38.05598
4/8/2024,Sinait,38.687946,38.331917
4/9/2024,Sinait,38.201935,37.823044
4/10/2024,Sinait,38.267376,38.20029
4/11/2024,Sinait,38.44144,38.322502
4/12/2024,Sinait,39.05645,38.82056
4/13/2024,Sinait,39.558773,39.15014
4/14/2024,Sinait,39.581585,39.214996
4/15/2024,Sinait,38.601612,38.778957
4/16/2024,Sinait,38.7523,38.722588
4/17/2024,Sinait,39.405487,38.903397
4/18/2024,Sinait,38.3284,38.732327
4/19/2024,Sinait,38.912594,39.075493
4/20/2024,Sinait,40.23559,39.43751
4/21/2024,Sinait,39.25505,39.015953
4/22/2024,Sinait,39.091198,38.824936
4/23/2024,Sinait,39.86403,39.50223
4/24/2024,Sinait,39.751156,39.6724
4/25/2024,Sinait,40.498966,40.013783
4/26/2024,Sinait,41.364735,40.408447
4/27/2024,Sinait,41.467674,40.608284
4/28/2024,Sinait,41.37332,40.702515
4/29/2024,Sinait,40.863377,40.776722
4/30/2024,Sinait,41.0626,40.899727
5/1/2024,Sinait,40.796005,40.97986
5/2/2024,Sinait,41.153725,40.80611
5/3/2024,Sinait,40.595932,40.779835
5/4/2024,Sinait,40.88609,40.731213
5/5/2024,Sinait,40.945396,40.577652
5/6/2024,Sinait,40.47998,40.59465
5/7/2024,Sinait,40.325138,40.340088
5/8/2024,Sinait,39.828808,40.238483
5/9/2024,Sinait,40.290596,40.16754
5/10/2024,Sinait,40.773705,40.078068
5/11/2024,Sinait,40.120193,40.19789
5/12/2024,Sinait,40.32669,40.193485
5/13/2024,Sinait,39.983315,40.00403
5/14/2024,Sinait,40.99577,40.328316
5/15/2024,Sinait,40.79266,40.21741
5/16/2024,Sinait,40.44116,40.618095
5/17/2024,Sinait,39.24177,39.836445
5/18/2024,Sinait,41.010376,40.551636
5/19/2024,Sinait,39.48453,39.64067
5/20/2024,Sinait,40.157536,40.162964
5/21/2024,Sinait,40.36692,40.228165
5/22/2024,Sinait,40.593266,40.45374
5/23/2024,Sinait,41.108383,40.48417
5/24/2024,Sinait,41.673916,40.844
5/25/2024,Sinait,41.478973,41.048702
5/26/2024,Sinait,42.24354,41.387833
5/27/2024,Sinait,41.60469,41.18407
5/28/2024,Sinait,40.5371,40.751476
5/29/2024,Sinait,39.512844,39.458336
5/30/2024,Sinait,41.118454,40.513027
5/31/2024,Sinait,40.659126,40.88173
3/1/2024,Tanay,27.008318,26.673838
3/2/2024,Tanay,26.09405,26.413883
3/3/2024,Tanay,26.604095,26.675833
3/4/2024,Tanay,26.153488,26.844408
3/5/2024,Tanay,28.54601,27.595259
3/6/2024,Tanay,33.74095,29.625107
3/7/2024,Tanay,28.789656,28.986029
3/8/2024,Tanay,27.371998,28.008816
3/9/2024,Tanay,24.99465,27.479807
3/10/2024,Tanay,25.477446,27.18896
3/11/2024,Tanay,27.137821,28.485826
3/12/2024,Tanay,28.472393,28.673056
3/13/2024,Tanay,26.003746,27.638166
3/14/2024,Tanay,26.886093,28.092476
3/15/2024,Tanay,24.311563,27.339634
3/16/2024,Tanay,27.989103,28.402767
3/17/2024,Tanay,28.717474,28.821568
3/18/2024,Tanay,27.719503,28.64981
3/19/2024,Tanay,28.601254,28.725212
3/20/2024,Tanay,27.23858,27.67831
3/21/2024,Tanay,25.243387,26.969852
3/22/2024,Tanay,24.822378,27.396832
3/23/2024,Tanay,26.862638,27.992195
3/24/2024,Tanay,27.700397,28.415476
3/25/2024,Tanay,28.131666,28.51816
3/26/2024,Tanay,28.538652,29.43
3/27/2024,Tanay,28.07311,28.938496
3/28/2024,Tanay,30.083042,30.285921
3/29/2024,Tanay,29.51749,29.826246
3/30/2024,Tanay,29.36805,29.086836
3/31/2024,Tanay,29.792278,29.668139
4/1/2024,Tanay,30.390905,29.731306
4/2/2024,Tanay,29.535328,29.356266
4/3/2024,Tanay,29.902952,29.625267
4/4/2024,Tanay,29.714075,29.582031
4/5/2024,Tanay,28.846895,29.62489
4/6/2024,Tanay,26.983023,29.231174
4/7/2024,Tanay,28.776676,29.147602
4/8/2024,Tanay,29.65713,29.112064
4/9/2024,Tanay,30.989939,29.872934
4/10/2024,Tanay,29.396734,29.448053
4/11/2024,Tanay,30.037706,29.53688
4/12/2024,Tanay,30.647198,29.82265
4/13/2024,Tanay,30.55795,30.316744
4/14/2024,Tanay,31.510874,30.734406
4/15/2024,Tanay,31.757946,30.916094
4/16/2024,Tanay,31.516462,30.633844
4/17/2024,Tanay,31.528025,30.745928
4/18/2024,Tanay,32.04297,31.307821
4/19/2024,Tanay,30.732449,30.699532
4/20/2024,Tanay,31.383612,30.977034
4/21/2024,Tanay,31.097933,30.950191
4/22/2024,Tanay,32.79984,32.31781
4/23/2024,Tanay,32.88573,31.96712
4/24/2024,Tanay,34.21954,32.633987
4/25/2024,Tanay,34.236313,33.146385
4/26/2024,Tanay,34.048775,32.979664
4/27/2024,Tanay,34.90022,33.487953
4/28/2024,Tanay,32.90373,32.908646
4/29/2024,Tanay,33.49349,32.959892
4/30/2024,Tanay,33.18958,32.56579
5/1/2024,Tanay,34.081158,32.73497
5/2/2024,Tanay,32.614307,32.511074
5/3/2024,Tanay,32.552185,32.456486
5/4/2024,Tanay,32.008854,32.551575
5/5/2024,Tanay,33.016853,32.914917
5/6/2024,Tanay,31.836193,32.504635
5/7/2024,Tanay,33.564766,33.47724
5/8/2024,Tanay,32.359028,32.986538
5/9/2024,Tanay,33.53044,33.295868
5/10/2024,Tanay,32.01988,32.759766
5/11/2024,Tanay,33.706474,33.308956
5/12/2024,Tanay,34.18658,33.534424
5/13/2024,Tanay,34.492695,33.69396
5/14/2024,Tanay,32.606014,33.35291
5/15/2024,Tanay,33.981514,33.68345
5/16/2024,Tanay,33.90322,33.730072
5/17/2024,Tanay,33.7646,33.72666
5/18/2024,Tanay,35.570908,34.6413
5/19/2024,Tanay,31.633753,33.353634
5/20/2024,Tanay,34.93589,34.304924
5/21/2024,Tanay,33.412426,33.9054
5/22/2024,Tanay,32.80549,33.399357
5/23/2024,Tanay,33.22114,33.312252
5/24/2024,Tanay,33.21001,33.71073
5/25/2024,Tanay,29.080765,32.08981
5/26/2024,Tanay,27.210224,30.271147
5/27/2024,Tanay,30.453533,31.925655
5/28/2024,Tanay,32.037792,32.171474
5/29/2024,Tanay,33.073063,33.141407
5/30/2024,Tanay,34.205086,33.794975
5/31/2024,Tanay,34.086967,33.24941
3/1/2024,Tayabas,32.494648,31.667475
3/2/2024,Tayabas,31.088943,31.24723
3/3/2024,Tayabas,32.094246,31.914629
3/4/2024,Tayabas,31.524042,31.8725
3/5/2024,Tayabas,33.376358,32.75193
3/6/2024,Tayabas,35.04681,33.617584
3/7/2024,Tayabas,33.39977,32.613914
3/8/2024,Tayabas,33.23418,32.934666
3/9/2024,Tayabas,30.455261,31.408186
3/10/2024,Tayabas,30.528578,31.535728
3/11/2024,Tayabas,31.387568,32.521797
3/12/2024,Tayabas,34.44789,33.637478
3/13/2024,Tayabas,31.848433,32.39108
3/14/2024,Tayabas,31.12304,31.550505
3/15/2024,Tayabas,32.52576,32.5827
3/16/2024,Tayabas,34.001007,33.70266
3/17/2024,Tayabas,33.555256,33.09818
3/18/2024,Tayabas,31.559158,32.21137
3/19/2024,Tayabas,32.898487,32.326855
3/20/2024,Tayabas,31.21205,31.571869
3/21/2024,Tayabas,31.116543,31.133959
3/22/2024,Tayabas,31.147667,31.359497
3/23/2024,Tayabas,32.690697,32.721565
3/24/2024,Tayabas,33.055626,32.715855
3/25/2024,Tayabas,32.789303,32.950394
3/26/2024,Tayabas,32.25746,32.718143
3/27/2024,Tayabas,35.56381,34.165245
3/28/2024,Tayabas,35.85731,34.749252
3/29/2024,Tayabas,36.438164,35.288692
3/30/2024,Tayabas,34.082325,33.065792
3/31/2024,Tayabas,34.33728,33.692398
4/1/2024,Tayabas,35.64002,34.446293
4/2/2024,Tayabas,34.579952,33.828632
4/3/2024,Tayabas,35.454037,34.188457
4/4/2024,Tayabas,36.28866,35.195152
4/5/2024,Tayabas,34.784626,34.532536
4/6/2024,Tayabas,35.548927,34.686382
4/7/2024,Tayabas,36.394077,35.651012
4/8/2024,Tayabas,34.61091,34.7034
4/9/2024,Tayabas,36.463753,35.80848
4/10/2024,Tayabas,35.109554,34.766293
4/11/2024,Tayabas,36.000145,35.62703
4/12/2024,Tayabas,36.365475,35.842323
4/13/2024,Tayabas,37.27607,36.68431
4/14/2024,Tayabas,38.071434,37.591537
4/15/2024,Tayabas,36.204384,36.393795
4/16/2024,Tayabas,36.303814,36.234047
4/17/2024,Tayabas,36.42088,36.3366
4/18/2024,Tayabas,37.067844,37.36186
4/19/2024,Tayabas,36.64227,37.082546
4/20/2024,Tayabas,36.789593,36.62324
4/21/2024,Tayabas,37.570293,37.563263
4/22/2024,Tayabas,37.010372,36.621597
4/23/2024,Tayabas,38.083195,37.39497
4/24/2024,Tayabas,38.96382,38.484215
4/25/2024,Tayabas,39.99399,39.136913
4/26/2024,Tayabas,39.222904,39.306095
4/27/2024,Tayabas,41.21172,40.192097
4/28/2024,Tayabas,40.33071,40.161983
4/29/2024,Tayabas,38.26253,38.870552
4/30/2024,Tayabas,39.648727,39.521225
5/1/2024,Tayabas,38.64476,39.060936
5/2/2024,Tayabas,38.5413,38.856068
5/3/2024,Tayabas,38.70983,38.73251
5/4/2024,Tayabas,39.143734,38.67194
5/5/2024,Tayabas,38.95988,38.93558
5/6/2024,Tayabas,38.311462,38.823036
5/7/2024,Tayabas,39.041187,39.03854
5/8/2024,Tayabas,38.258915,38.814377
5/9/2024,Tayabas,38.68,38.911987
5/10/2024,Tayabas,38.407757,38.46083
5/11/2024,Tayabas,39.33336,38.995293
5/12/2024,Tayabas,39.95455,39.44432
5/13/2024,Tayabas,38.99605,38.730373
5/14/2024,Tayabas,38.84345,38.780357
5/15/2024,Tayabas,38.47498,38.457993
5/16/2024,Tayabas,38.446007,38.45496
5/17/2024,Tayabas,39.532257,39.48861
5/18/2024,Tayabas,39.446304,39.003895
5/19/2024,Tayabas,39.04235,38.971214
5/20/2024,Tayabas,39.263264,38.759655
5/21/2024,Tayabas,39.219013,38.510452
5/22/2024,Tayabas,38.478878,38.41084
5/23/2024,Tayabas,38.95685,38.765263
5/24/2024,Tayabas,38.367302,38.41163
5/25/2024,Tayabas,34.70494,36.93085
5/26/2024,Tayabas,33.512314,35.913143
5/27/2024,Tayabas,38.584183,38.497993
5/28/2024,Tayabas,38.283077,37.713924
5/29/2024,Tayabas,37.20822,37.343323
5/30/2024,Tayabas,38.54674,38.350582
5/31/2024,Tayabas,38.90046,38.770943
3/1/2024,Tuguegarao,34.155464,34.159157
3/2/2024,Tuguegarao,32.82792,34.342747
3/3/2024,Tuguegarao,32.73423,34.12847
3/4/2024,Tuguegarao,36.295464,35.882675
3/5/2024,Tuguegarao,39.249485,37.224773
3/6/2024,Tuguegarao,36.141132,36.158802
3/7/2024,Tuguegarao,35.175327,35.026264
3/8/2024,Tuguegarao,33.07344,34.14569
3/9/2024,Tuguegarao,31.394829,33.079712
3/10/2024,Tuguegarao,32.865276,33.973434
3/11/2024,Tuguegarao,35.40137,35.162964
3/12/2024,Tuguegarao,34.776634,35.17066
3/13/2024,Tuguegarao,32.243645,34.095615
3/14/2024,Tuguegarao,35.97043,36.26572
3/15/2024,Tuguegarao,37.16444,37.052364
3/16/2024,Tuguegarao,36.14677,36.52537
3/17/2024,Tuguegarao,36.30913,36.483173
3/18/2024,Tuguegarao,35.831696,35.79958
3/19/2024,Tuguegarao,35.447025,35.405136
3/20/2024,Tuguegarao,32.009117,33.490307
3/21/2024,Tuguegarao,33.27294,33.766747
3/22/2024,Tuguegarao,36.480484,36.1771
3/23/2024,Tuguegarao,35.962,35.699104
3/24/2024,Tuguegarao,37.259613,36.94297
3/25/2024,Tuguegarao,38.446396,37.946053
3/26/2024,Tuguegarao,38.514076,37.976067
3/27/2024,Tuguegarao,37.23137,37.578426
3/28/2024,Tuguegarao,38.50274,37.965576
3/29/2024,Tuguegarao,39.838276,38.989815
3/30/2024,Tuguegarao,38.86785,38.433372
3/31/2024,Tuguegarao,40.069706,39.257812
4/1/2024,Tuguegarao,40.051525,39.905106
4/2/2024,Tuguegarao,39.529503,39.46027
4/3/2024,Tuguegarao,40.06137,39.87639
4/4/2024,Tuguegarao,40.96799,40.473938
4/5/2024,Tuguegarao,39.86408,39.87642
4/6/2024,Tuguegarao,40.449562,40.321167
4/7/2024,Tuguegarao,41.64506,41.25816
4/8/2024,Tuguegarao,41.560387,41.09071
4/9/2024,Tuguegarao,40.52598,40.44156
4/10/2024,Tuguegarao,40.532272,40.642143
4/11/2024,Tuguegarao,40.957493,40.72307
4/12/2024,Tuguegarao,41.15797,40.97999
4/13/2024,Tuguegarao,41.37842,41.126972
4/14/2024,Tuguegarao,41.83106,41.758186
4/15/2024,Tuguegarao,42.058086,41.76172
4/16/2024,Tuguegarao,42.02874,42.02971
4/17/2024,Tuguegarao,41.848682,42.268967
4/18/2024,Tuguegarao,41.695652,41.70591
4/19/2024,Tuguegarao,41.928913,41.881012
4/20/2024,Tuguegarao,42.053886,41.993362
4/21/2024,Tuguegarao,41.664864,41.361633
4/22/2024,Tuguegarao,42.49313,42.412792
4/23/2024,Tuguegarao,43.106667,42.5516
4/24/2024,Tuguegarao,43.35203,42.66664
4/25/2024,Tuguegarao,42.566765,42.12727
4/26/2024,Tuguegarao,43.282368,43.27643
4/27/2024,Tuguegarao,43.789036,43.464485
4/28/2024,Tuguegarao,44.063503,43.35128
4/29/2024,Tuguegarao,43.561237,43.038506
4/30/2024,Tuguegarao,43.47756,43.153328
5/1/2024,Tuguegarao,43.215004,43.39476
5/2/2024,Tuguegarao,44.00998,43.58618
5/3/2024,Tuguegarao,43.35405,42.976593
5/4/2024,Tuguegarao,43.677315,43.567253
5/5/2024,Tuguegarao,43.299057,43.18227
5/6/2024,Tuguegarao,43.300976,43.474285
5/7/2024,Tuguegarao,42.845367,42.845894
5/8/2024,Tuguegarao,42.77315,42.937424
5/9/2024,Tuguegarao,42.070557,41.963776
5/10/2024,Tuguegarao,41.536476,41.546463
5/11/2024,Tuguegarao,41.42191,41.481632
5/12/2024,Tuguegarao,41.91564,41.830124
5/13/2024,Tuguegarao,42.673347,42.22581
5/14/2024,Tuguegarao,42.11869,41.98096
5/15/2024,Tuguegarao,42.01456,41.76865
5/16/2024,Tuguegarao,41.981182,42.060028
5/17/2024,Tuguegarao,40.97105,42.178566
5/18/2024,Tuguegarao,41.534737,41.79356
5/19/2024,Tuguegarao,41.26389,41.690792
5/20/2024,Tuguegarao,41.79485,41.73503
5/21/2024,Tuguegarao,42.821083,42.497063
5/22/2024,Tuguegarao,42.586754,42.226948
5/23/2024,Tuguegarao,42.34293,42.08497
5/24/2024,Tuguegarao,42.627342,42.67521
5/25/2024,Tuguegarao,41.7485,42.179405
5/26/2024,Tuguegarao,40.579865,42.00337
5/27/2024,Tuguegarao,42.332035,41.971355
5/28/2024,Tuguegarao,42.149273,42.233944
5/29/2024,Tuguegarao,42.375206,42.367
5/30/2024,Tuguegarao,42.838654,42.51266
5/31/2024,Tuguegarao,43.358112,42.739956
3/1/2024,Virac Synop,36.820816,36.655537
3/2/2024,Virac Synop,35.911186,35.998653
3/3/2024,Virac Synop,35.599445,36.462017
3/4/2024,Virac Synop,35.673626,36.203293
3/5/2024,Virac Synop,37.267815,36.928318
3/6/2024,Virac Synop,36.963493,36.77361
3/7/2024,Virac Synop,37.213287,37.098606
3/8/2024,Virac Synop,37.027794,36.958122
3/9/2024,Virac Synop,36.802307,36.85656
3/10/2024,Virac Synop,35.21577,36.53186
3/11/2024,Virac Synop,35.508495,36.44324
3/12/2024,Virac Synop,37.778492,37.600372
3/13/2024,Virac Synop,37.80132,37.63291
3/14/2024,Virac Synop,37.29084,37.03359
3/15/2024,Virac Synop,37.43241,37.57698
3/16/2024,Virac Synop,39.274666,38.93055
3/17/2024,Virac Synop,39.293327,39.3772
3/18/2024,Virac Synop,36.82312,37.524693
3/19/2024,Virac Synop,36.946316,37.437473
3/20/2024,Virac Synop,36.78061,37.211067
3/21/2024,Virac Synop,36.10363,37.29596
3/22/2024,Virac Synop,37.492867,37.786377
3/23/2024,Virac Synop,36.547283,37.04905
3/24/2024,Virac Synop,36.857174,36.577152
3/25/2024,Virac Synop,37.66836,37.55707
3/26/2024,Virac Synop,37.740253,38.162827
3/27/2024,Virac Synop,38.990143,38.532993
3/28/2024,Virac Synop,38.56375,38.476147
3/29/2024,Virac Synop,38.988876,38.091877
3/30/2024,Virac Synop,38.304356,37.706585
3/31/2024,Virac Synop,38.032417,37.9017
4/1/2024,Virac Synop,39.27619,38.73538
4/2/2024,Virac Synop,39.389153,39.33485
4/3/2024,Virac Synop,39.71106,39.628334
4/4/2024,Virac Synop,39.87626,39.367878
4/5/2024,Virac Synop,39.80209,39.513348
4/6/2024,Virac Synop,39.9198,39.795982
4/7/2024,Virac Synop,39.28086,39.297596
4/8/2024,Virac Synop,39.311543,39.055874
4/9/2024,Virac Synop,40.055508,39.78933
4/10/2024,Virac Synop,39.569912,39.766914
4/11/2024,Virac Synop,39.68948,40.364025
4/12/2024,Virac Synop,39.41325,39.667065
4/13/2024,Virac Synop,40.565613,40.29426
4/14/2024,Virac Synop,40.10531,40.57594
4/15/2024,Virac Synop,40.69202,40.811443
4/16/2024,Virac Synop,40.964336,40.94088
4/17/2024,Virac Synop,41.36666,41.52922
4/18/2024,Virac Synop,40.487865,40.86358
4/19/2024,Virac Synop,41.546383,41.60903
4/20/2024,Virac Synop,41.26564,41.30007
4/21/2024,Virac Synop,41.727875,42.1349
4/22/2024,Virac Synop,43.57255,42.813393
4/23/2024,Virac Synop,42.329422,42.341232
4/24/2024,Virac Synop,43.1794,42.716793
4/25/2024,Virac Synop,41.72142,42.333668
4/26/2024,Virac Synop,43.48932,42.92859
4/27/2024,Virac Synop,44.32113,43.628567
4/28/2024,Virac Synop,43.24713,43.24156
4/29/2024,Virac Synop,42.748642,43.10358
4/30/2024,Virac Synop,44.370228,43.897167
5/1/2024,Virac Synop,43.38356,43.61191
5/2/2024,Virac Synop,43.097767,43.47755
5/3/2024,Virac Synop,43.607853,43.37944
5/4/2024,Virac Synop,44.423206,43.988083
5/5/2024,Virac Synop,43.724148,43.410484
5/6/2024,Virac Synop,44.03062,43.71602
5/7/2024,Virac Synop,43.846104,43.76231
5/8/2024,Virac Synop,44.359955,43.769306
5/9/2024,Virac Synop,44.593998,44.188255
5/10/2024,Virac Synop,44.96635,44.47558
5/11/2024,Virac Synop,44.058987,43.665527
5/12/2024,Virac Synop,43.691525,43.757946
5/13/2024,Virac Synop,45.039516,44.58688
5/14/2024,Virac Synop,44.615,44.27826
5/15/2024,Virac Synop,44.369953,44.23238
5/16/2024,Virac Synop,43.14107,43.437763
5/17/2024,Virac Synop,43.52261,44.09514
5/18/2024,Virac Synop,43.449978,43.792328
5/19/2024,Virac Synop,44.62608,44.526203
5/20/2024,Virac Synop,44.75804,44.71279
5/21/2024,Virac Synop,44.743202,44.406982
5/22/2024,Virac Synop,43.822617,43.970097
5/23/2024,Virac Synop,45.302532,44.543137
5/24/2024,Virac Synop,42.274223,42.996784
5/25/2024,Virac Synop,41.011147,42.30687
5/26/2024,Virac Synop,43.187355,43.063873
5/27/2024,Virac Synop,41.13795,41.44652
5/28/2024,Virac Synop,45.251312,44.752884
5/29/2024,Virac Synop,44.13098,43.829807
5/30/2024,Virac Synop,43.930367,44.24454
5/31/2024,Virac Synop,45.093567,45.477787
